epoch,train_loss,train_acc,val_rec_auc,val_patient_auc,learning_rate
1,0.6733669548058042,54.62778204144283,0.7368469008703338,0.7199275362318841,0.001
2,0.6500458026341364,63.92939370683039,0.6944965042571354,0.6286231884057971,0.001
3,0.6189162390781384,67.85878741366078,0.7715736907835055,0.6971014492753623,0.001
4,0.6125159148199886,66.89178818112049,0.6509439388425808,0.5967391304347827,0.001
5,0.5924511876176385,68.3960092095165,0.8042571923692179,0.7159420289855072,0.001
6,0.5727971234157974,70.23791250959324,0.7454511492927363,0.6894927536231884,0.001
7,0.564250258984519,69.07137375287797,0.6586575231222448,0.6492753623188405,0.0005
8,0.5298465037462758,72.55564082885648,0.8009086596586661,0.7340579710144928,0.0005
9,0.5224317734440168,73.0928626247122,0.7736175485893166,0.713768115942029,0.0005
10,0.4949213736781887,75.76362240982348,0.7765623211482051,0.7423913043478261,0.0005
11,0.4849436925906761,76.69992325402916,0.7257403645686515,0.7409420289855073,0.0005
12,0.47576551606842116,76.08595548733692,0.7126662805603439,0.7206521739130435,0.0005
13,0.45676253421926033,77.82041442824251,0.7284917992269901,0.713768115942029,0.0005
14,0.45635438871149925,77.17574827321566,0.7152175435779072,0.7315217391304348,0.0005
15,0.43684440829298077,78.40368380660016,0.7434377585787644,0.7326086956521739,0.0005
16,0.424725386953237,78.98695318495778,0.6974110944633606,0.7289855072463768,0.00025
17,0.4009722914619773,79.73906369915579,0.7068072025344064,0.7286231884057971,0.00025
18,0.3967555450896422,80.12279355333845,0.6632198989403717,0.7170289855072464,0.00025
19,0.38453986072072793,81.30468150422102,0.6879657265148551,0.7384057971014494,0.00025
20,0.3844946326286185,81.30468150422102,0.6560493122694679,0.7130434782608697,0.00025
21,0.38159605780360745,80.52187260168841,0.7000380981017578,0.7271739130434782,0.00025
22,0.3676568408514939,81.67306216423638,0.6525225328346981,0.7065217391304348,0.000125
23,0.3501286369328405,82.9930928626247,0.6909788364759996,0.7311594202898551,0.000125
24,0.33628437259033617,83.42287029930928,0.7010728402675865,0.7260869565217392,0.000125
25,0.34179582454118074,83.68380660015349,0.6755300277392906,0.7159420289855073,0.000125
