model,fold,accuracy,f1_score,auc,num_patients,accuracy_std,f1_score_std,auc_std
Basic Features,0,0.6355140186915887,0.6776859504132231,0.662152530292231,107,,,
Advanced Features,0,0.616822429906542,0.6666666666666666,0.6208125445473984,107,,,
Combined Features,0,0.6448598130841121,0.6885245901639344,0.7059871703492515,107,,,
Basic Features,1,0.6635514018691588,0.71875,0.7405559515324305,107,,,
Advanced Features,1,0.6915887850467289,0.7591240875912408,0.6828225231646472,107,,,
Combined Features,1,0.6542056074766355,0.7218045112781954,0.7947255880256593,107,,,
Basic Features,2,0.6509433962264151,0.6942148760330579,0.739855072463768,106,,,
Advanced Features,2,0.6792452830188679,0.7068965517241379,0.7456521739130435,106,,,
Combined Features,2,0.7169811320754716,0.7457627118644068,0.7739130434782608,106,,,
Basic Features,3,0.7264150943396226,0.7603305785123967,0.7869565217391304,106,,,
Advanced Features,3,0.6132075471698113,0.6371681415929203,0.6742753623188406,106,,,
Combined Features,3,0.7547169811320755,0.7936507936507936,0.8068840579710146,106,,,
Basic Features,4,0.660377358490566,0.660377358490566,0.7692028985507247,106,,,
Advanced Features,4,0.6320754716981132,0.6608695652173913,0.7253623188405798,106,,,
Combined Features,4,0.6886792452830188,0.7027027027027027,0.7648550724637682,106,,,
Basic Features,MEAN,0.6673602539234703,0.7022717526898488,0.7397445949156569,,0.03476506247033585,0.038945073792074264,0.04774399617966375
Advanced Features,MEAN,0.6465879033680126,0.6861450025584714,0.689784984556902,,0.036408879620223586,0.04788935126134782,0.048562102746787295
Combined Features,MEAN,0.6918885558102628,0.7304890619320066,0.7692729864575909,,0.04532950287511848,0.0413255635352544,0.03907867142278874
