feature,importance,shuffled_auc
std_y,0.07010173842465872,0.515061439438268
std_x,0.024339455255856013,0.5608237226070707
std_tap_distance,0.01864059344268465,0.5665225844202421
mean_dt,0.01501160837312887,0.5701515694897978
total_taps,0.011522678797259212,0.5736404990656675
fatigue_slope,0.00628022423979302,0.5788829536231337
mean_tap_distance,0.0035833065931782926,0.5815798712697484
variability_index,0.0026931425659222352,0.5824700352970045
left_count,-0.0007104701863003271,0.585873648049227
lr_ratio,-0.0017486173766965152,0.5869117952396232
std_dt,-0.0048774042545161045,0.5900405821174428
mean_x,-0.01685158270258036,0.6020147605655071
mean_y,-0.05026519941863772,0.6354283772815644
