hp_idx,learning_rate,weight_decay,dropout_rate,hidden_dim_1,hidden_dim_2,accuracy_mean,accuracy_std,f1_mean,f1_std,auc_mean,auc_std
0,0.001,0.0001,0.2,32,16,0.6880797037559513,0.03408138172807886,0.7267877981452114,0.03548184152018191,0.7590888572107388,0.03812895367583175
1,0.001,0.0001,0.2,32,32,0.6842003174043378,0.03301450632852221,0.7172263394054716,0.04371793879710224,0.7563483012592065,0.035003464747121564
2,0.001,0.0001,0.2,32,64,0.6898077940398519,0.026249783189510156,0.7234113288028854,0.04069249384115574,0.7491838916607271,0.02212612935203747
3,0.001,0.0001,0.2,64,16,0.6861400105801445,0.023677990391514508,0.7229550384558089,0.029590741644508648,0.7533131385127108,0.03738387794000982
4,0.001,0.0001,0.2,64,32,0.6993475577499558,0.04004000977420542,0.7331004507235201,0.039608448230235474,0.7554526015680685,0.03592010984842419
5,0.001,0.0001,0.2,64,64,0.7105448774466585,0.03468517794529926,0.7426024083739404,0.04845563826051189,0.7593858398669517,0.023140366178597375
6,0.001,0.0001,0.2,128,16,0.691729853641333,0.027758223034786332,0.7285786915395401,0.02685670347898298,0.760111665478736,0.04049301627514016
7,0.001,0.0001,0.2,128,32,0.6955034385469935,0.04424382923445693,0.7311255551077757,0.051201507583194285,0.7627298645759089,0.044024370262440875
8,0.001,0.0001,0.2,128,64,0.7048492329395167,0.025099644808718985,0.7387601156722097,0.03651666853337389,0.7441185554763601,0.030114655332188475
9,0.001,0.0001,0.5,32,16,0.6880268030329748,0.034798542084592,0.7287532227068398,0.04160561372436069,0.7616262770254216,0.03747290006011018
10,0.001,0.0001,0.5,32,32,0.6785752071944982,0.030599370861069328,0.7148796591466579,0.03910239830234129,0.7442670468044665,0.04026929105214602
11,0.001,0.0001,0.5,32,64,0.6899664962087815,0.03631775796654754,0.7289680145822415,0.03684252918307578,0.7601722499406035,0.037943953617431345
12,0.001,0.0001,0.5,64,16,0.6843237524246165,0.043868393894999996,0.72699649042052,0.0497113761461925,0.7560121168923735,0.03212094402642896
13,0.001,0.0001,0.5,64,32,0.7030506083583143,0.04441403479054255,0.7371709493133343,0.045671219457421836,0.7600225706818722,0.03693589702518226
14,0.001,0.0001,0.5,64,64,0.6936342796684888,0.02210345857790756,0.7264550264550265,0.03004029119715888,0.7487716797339037,0.02768486638279364
15,0.001,0.0001,0.5,128,16,0.6785752071944983,0.03214965002865811,0.729673680324843,0.03612391856060637,0.7559752910430031,0.034677195335773875
16,0.001,0.0001,0.5,128,32,0.6992417563040028,0.02658823468254256,0.7360509853703673,0.03664946727105236,0.7583012592064623,0.043959802855664566
17,0.001,0.0001,0.5,128,64,0.6936519132428143,0.01857347824033329,0.7312307009713983,0.03355754552387982,0.7636041815157996,0.03290191129126525
18,0.001,0.0001,0.7,32,16,0.680479633221654,0.03156600664699437,0.7161020112630732,0.0446015043195068,0.7582870040389642,0.039722402117060386
19,0.001,0.0001,0.7,32,32,0.6992946570269793,0.038835200240057224,0.7360187456162688,0.045799868834593714,0.7517320028510335,0.0387679245203775
20,0.001,0.0001,0.7,32,64,0.6936166460941633,0.05172043382461667,0.732177474244905,0.06110846882082326,0.7549287241625089,0.04020519838599912
21,0.001,0.0001,0.7,64,16,0.6974607652971258,0.05599713598233946,0.7350194830376745,0.06192110609956793,0.7528308386790211,0.035053982109166416
22,0.001,0.0001,0.7,64,32,0.6973902309998237,0.034591392228309856,0.7350258284600389,0.045519117030197974,0.7624126870990734,0.037678772903692696
23,0.001,0.0001,0.7,64,64,0.6861752777287956,0.038262702816926564,0.723526010585516,0.04143138158924924,0.7544428605369446,0.03371140877785271
24,0.001,0.0001,0.7,128,16,0.6824193263974607,0.04091725493007046,0.7239322599594061,0.05418450545181086,0.7607733428367782,0.028426874677489073
25,0.001,0.0001,0.7,128,32,0.6898959619114795,0.03060824839625772,0.7282846942364325,0.0399553366878135,0.7561285340936089,0.03237962456205472
26,0.001,0.0001,0.7,128,64,0.689913595485805,0.03871453150692783,0.73091154011154,0.04361081002790045,0.7613851271085768,0.034436892127027725
27,0.001,0.001,0.2,32,16,0.6823311585258331,0.02695991290767866,0.7150413460828225,0.03945125961636873,0.7606070325492992,0.033271267562079286
28,0.001,0.001,0.2,32,32,0.6824016928231351,0.026657363159689352,0.7171714054537168,0.026501939310653644,0.7592575433594677,0.028673545990463414
29,0.001,0.001,0.2,32,64,0.6917474872156586,0.027487201857634987,0.7247822689059504,0.02620992421373051,0.7606272273699216,0.022624661680109473
30,0.001,0.001,0.2,64,16,0.6842708517016398,0.030698376601913217,0.7242371939012872,0.0419837544851356,0.7628557852221429,0.031452866993851455
31,0.001,0.001,0.2,64,32,0.7049197672368188,0.0325921574165315,0.7428965740142212,0.026317503095942593,0.7597968638631503,0.04072814941333133
32,0.001,0.001,0.2,64,64,0.7124140363251631,0.03909359848755269,0.7436647540129246,0.047344536936862046,0.7560631979092421,0.029370148517473924
33,0.001,0.001,0.2,128,16,0.6973373302768471,0.029699972787930993,0.7329499059948963,0.039082901817077124,0.7528819196958898,0.02658253895262938
34,0.001,0.001,0.2,128,32,0.7049197672368189,0.03882327839159249,0.739010344398498,0.04911457678549939,0.7518210976478974,0.03246766025937803
35,0.001,0.001,0.2,128,64,0.6804796332216541,0.018067423415259264,0.7164426843739616,0.026129771267006528,0.7410631979092421,0.0318560280363956
36,0.001,0.001,0.5,32,16,0.6880620701816258,0.0380676463859353,0.724812638495268,0.04109115750364721,0.7524768353528153,0.03369391776731552
37,0.001,0.001,0.5,32,32,0.6917827543643096,0.02926797538194498,0.7300193531955674,0.03321630183384705,0.7538750296982655,0.03771944170150608
38,0.001,0.001,0.5,32,64,0.6992946570269793,0.02836290678940477,0.7416656518515407,0.032726607408277396,0.7697529104300308,0.033464556702093286
39,0.001,0.001,0.5,64,16,0.6917474872156586,0.02733619231151,0.7304545185718381,0.02977114976565099,0.7626348301259206,0.0318731758046873
40,0.001,0.001,0.5,64,32,0.686122377005819,0.018762881277579274,0.7219583548722104,0.02706262028144898,0.7586742694226658,0.033647550572146544
41,0.001,0.001,0.5,64,64,0.6917827543643097,0.030831499160466874,0.7294320741928146,0.031612727945516714,0.7564290805416963,0.03506561102153149
42,0.001,0.001,0.5,128,16,0.6936519132428142,0.03504778807944893,0.7313224410561912,0.0426061910237979,0.7590603468757424,0.03512076375327878
43,0.001,0.001,0.5,128,32,0.6992241227296774,0.020266685138251084,0.7295850038447118,0.029172180329946132,0.7623224043715846,0.03327560579003797
44,0.001,0.001,0.5,128,64,0.6954681713983424,0.029627356769069687,0.7305232922952426,0.03526239295858238,0.7497030173437871,0.03563541113376235
45,0.001,0.001,0.7,32,16,0.6861047434314935,0.0378564442832215,0.718635395311048,0.05407945209215261,0.7609111427892611,0.04143817040714441
46,0.001,0.001,0.7,32,32,0.6955034385469935,0.0486615808454556,0.7386677431681162,0.05217098099855588,0.7482893799002138,0.03495172894994081
47,0.001,0.001,0.7,32,64,0.7011638159054839,0.04599936798519861,0.736592593308108,0.054201539390588346,0.7559622238061297,0.03413272880376193
48,0.001,0.001,0.7,64,16,0.6880444366073004,0.04460577229351867,0.726248260534735,0.049577569133108595,0.7539961986220004,0.03689093390043243
49,0.001,0.001,0.7,64,32,0.6842532181273143,0.03503346801148635,0.7217942321357192,0.04344571304127184,0.7556331670230458,0.03978685869314668
50,0.001,0.001,0.7,64,64,0.6767589490389702,0.04374816582850838,0.714153999985076,0.05180934953054561,0.7527263007840341,0.036549197849079784
51,0.001,0.001,0.7,128,16,0.6879739023099982,0.03139871945521427,0.731014480575327,0.04364645219557708,0.7509479686386316,0.029118465464863415
52,0.001,0.001,0.7,128,32,0.6842884852759654,0.03655849726050004,0.7214381716196182,0.04604184076317043,0.7573129009265859,0.034772703654166494
53,0.001,0.001,0.7,128,64,0.686122377005819,0.043013227282939576,0.7182911903658505,0.05103207739472111,0.7591945830363506,0.03420640613295148
54,0.001,0.005,0.2,32,16,0.6899312290601305,0.03224518573527241,0.726764237799474,0.0385774490975052,0.764009265858874,0.03193551140989432
55,0.001,0.005,0.2,32,32,0.6861752777287956,0.038262702816926564,0.7225668141983538,0.043102443728117106,0.7544262295081967,0.02879948218457113
56,0.001,0.005,0.2,32,64,0.6880444366073003,0.019940309850155866,0.7260782953640342,0.024465087860800063,0.7618614872891423,0.03134777240526351
57,0.001,0.005,0.2,64,16,0.7049197672368188,0.028200173635275674,0.7394229697793524,0.03334646074935528,0.7644951294844382,0.03497631241795983
58,0.001,0.005,0.2,64,32,0.6880268030329747,0.023365034944626023,0.7224401617631531,0.029096671367444264,0.7570812544547398,0.02573315948673993
59,0.001,0.005,0.2,64,64,0.7143360959266444,0.02542729929018821,0.7494254103052803,0.027137913429192053,0.765040389641245,0.0360385912739278
60,0.001,0.005,0.2,128,16,0.7030858755069651,0.02678044494103504,0.7383048056620016,0.0309443563303615,0.7641256830601093,0.028028151443160433
61,0.001,0.005,0.2,128,32,0.7104743431493563,0.03397178000396767,0.7430128884398335,0.043575739226454135,0.766663102874792,0.029214943199754498
62,0.001,0.005,0.2,128,64,0.6936342796684888,0.013430400941464738,0.7304668346071596,0.02428805684380495,0.7579425041577571,0.02938557240486158
63,0.001,0.005,0.5,32,16,0.6861752777287956,0.06100087757636758,0.7259388345502136,0.06588762133699187,0.757112140650986,0.036246706692278544
64,0.001,0.005,0.5,32,32,0.6898606947628284,0.03676159381079515,0.7297037451987929,0.0454587420740472,0.7602827274887145,0.03609680344109555
65,0.001,0.005,0.5,32,64,0.6955916064186211,0.038025281069282636,0.7312074168472027,0.04321591846890564,0.7647208363031599,0.029917206329988354
66,0.001,0.005,0.5,64,16,0.6861752777287956,0.03699204912083954,0.7206188933086644,0.04201401241612997,0.7678427179852697,0.029108767130713992
67,0.001,0.005,0.5,64,32,0.701199083054135,0.04463210585662179,0.7341780959017773,0.04630868404529786,0.763815633167023,0.03214383187768931
68,0.001,0.005,0.5,64,64,0.7049197672368189,0.03326783051334553,0.7360410337071087,0.042667955311591746,0.7650736516987406,0.033403525937537926
69,0.001,0.005,0.5,128,16,0.7087815200141068,0.044324419010243976,0.7433154265277575,0.04001050969645196,0.7640318365407461,0.03815172191952826
70,0.001,0.005,0.5,128,32,0.7067889261153235,0.011506261940266113,0.7410229691876751,0.019904087669248328,0.7599144689950107,0.02494487550852917
71,0.001,0.005,0.5,128,64,0.701128548756833,0.012146448362743357,0.7334663245131356,0.024530300550563218,0.7671157044428606,0.026808730345013163
72,0.001,0.005,0.7,32,16,0.6898959619114794,0.0552238673897777,0.7279693672741174,0.06311070058030534,0.7436849607982894,0.04613093027476034
73,0.001,0.005,0.7,32,32,0.6823311585258331,0.03221036746775098,0.7204601116917467,0.043517568682694775,0.7587942504157758,0.03510155410299569
74,0.001,0.005,0.7,32,64,0.6880797037559512,0.04677978226605606,0.7272374754906672,0.04906435138657081,0.753744357329532,0.03563606121911282
75,0.001,0.005,0.7,64,16,0.6955387056956446,0.046302715792293926,0.7316717576678662,0.05118367675210242,0.7624459491565693,0.03673285820414152
76,0.001,0.005,0.7,64,32,0.705025568682772,0.046134490710723564,0.7421832523524119,0.04929520922789898,0.7591827037301021,0.036062839587390455
77,0.001,0.005,0.7,64,64,0.686122377005819,0.03519560500265011,0.7215343804090787,0.04691986869702727,0.7652660964599667,0.03999567972389874
78,0.001,0.005,0.7,128,16,0.689913595485805,0.03239872376897781,0.7271816652437172,0.04160845728631284,0.759872891423141,0.032277178058731336
79,0.001,0.005,0.7,128,32,0.704990301534121,0.045548285369152015,0.7400255278178942,0.04710892593700886,0.7641636968401045,0.034398893688989664
80,0.001,0.005,0.7,128,64,0.6899312290601305,0.03489629337200533,0.7282766703118688,0.041473549390263376,0.7610430030886197,0.032604270743134024
81,0.0005,0.0001,0.2,32,16,0.6898606947628284,0.036151278781105106,0.7204744240341412,0.04722741594306919,0.7532501781895937,0.03576016625984546
82,0.0005,0.0001,0.2,32,32,0.7105272438723328,0.04220936829642603,0.7403955860691822,0.04936220210744015,0.7602851033499644,0.03640406606415246
83,0.0005,0.0001,0.2,32,64,0.6955387056956445,0.03621727545138148,0.7301585461329947,0.04391186897178144,0.7539498693276313,0.030225397835658634
84,0.0005,0.0001,0.2,64,16,0.6842003174043378,0.030280780267943782,0.7188374771211897,0.04421520836663042,0.751904252791637,0.025732498052083417
85,0.0005,0.0001,0.2,64,32,0.6880091694586492,0.03912317546168218,0.7176148373868327,0.04873564398491679,0.7540947968638632,0.02764910877130735
86,0.0005,0.0001,0.2,64,64,0.6841826838300124,0.024834559154922324,0.7190224259755068,0.037453714219461545,0.7594345450225706,0.029835971013567244
87,0.0005,0.0001,0.2,128,16,0.6785399400458473,0.023917718960890625,0.7104542455463635,0.04677244360445788,0.7622154906153481,0.026114947131915624
88,0.0005,0.0001,0.2,128,32,0.7143008287779933,0.040651106898275495,0.7474556448115411,0.04656131997161208,0.7626348301259206,0.03155265655563121
89,0.0005,0.0001,0.2,128,64,0.6842179509786633,0.010308027097878389,0.7190819661813255,0.020894398312937212,0.7584212401995722,0.032211094689577634
90,0.0005,0.0001,0.5,32,16,0.6879915358843237,0.05416670529035092,0.7277182354800094,0.05784737317188687,0.7558410548823948,0.04796131952467413
91,0.0005,0.0001,0.5,32,32,0.6936342796684888,0.0352854056958026,0.7317750943706736,0.04644805430177943,0.7557460204324068,0.04316233653296119
92,0.0005,0.0001,0.5,32,64,0.6730382648562864,0.04004455251294925,0.7080799686333283,0.039355583898272345,0.7528997386552626,0.03811183840114781
93,0.0005,0.0001,0.5,64,16,0.6842355845529888,0.02671672732992875,0.7209559769479346,0.03909582917542388,0.7608303635067711,0.0302253416926581
94,0.0005,0.0001,0.5,64,32,0.689913595485805,0.03439733663905773,0.7237116046753874,0.04275260452192767,0.7646899501069137,0.038374209012489835
95,0.0005,0.0001,0.5,64,64,0.6974078645741492,0.04350300530904034,0.7331110128065277,0.05007991907526921,0.7540045141363744,0.03444821703445852
96,0.0005,0.0001,0.5,128,16,0.6785752071944983,0.02919399196091797,0.7129648400380107,0.04003215648597923,0.7490864813494891,0.03715944533259148
97,0.0005,0.0001,0.5,128,32,0.6804972667959795,0.028324565139988357,0.7184863681854876,0.04032490750816177,0.7569315751960085,0.03751659732120369
98,0.0005,0.0001,0.5,128,64,0.6804619996473285,0.017168347166392678,0.7182147416515489,0.027637509902429268,0.7586255642670467,0.03127345777175089
99,0.0005,0.0001,0.7,32,16,0.689913595485805,0.040432636230700994,0.7243982203963449,0.04866745207644548,0.7552969826562128,0.04320805643867044
100,0.0005,0.0001,0.7,32,32,0.6786457414918003,0.03387329995940256,0.7200908881763021,0.037166260998425335,0.7492302209550961,0.03666079171049442
101,0.0005,0.0001,0.7,32,64,0.6879915358843237,0.04296704527781036,0.7274506602371583,0.050983269107245606,0.7551663102874793,0.03682499898427241
102,0.0005,0.0001,0.7,64,16,0.6973902309998236,0.045189169435898055,0.7288954521070732,0.05605579747115532,0.7631385127108576,0.04029893259845113
103,0.0005,0.0001,0.7,64,32,0.6767589490389702,0.029169737723604733,0.7227199107659757,0.030976615729664293,0.7508921358992635,0.03055145919231332
104,0.0005,0.0001,0.7,64,64,0.6937048139657909,0.04693993230440414,0.7287928074455589,0.05608033430122434,0.7629460679496317,0.04082701632466425
105,0.0005,0.0001,0.7,128,16,0.6918003879386352,0.035267457237232194,0.7358679821470518,0.04414184380037697,0.7599655500118793,0.04536688983800249
106,0.0005,0.0001,0.7,128,32,0.6880444366073003,0.04703375417617434,0.7202632785289985,0.04931777719648235,0.762103825136612,0.04867141655442566
107,0.0005,0.0001,0.7,128,64,0.6748897901604655,0.03128416745743168,0.7125291079186364,0.03811401560014302,0.7599394155381325,0.038066413802221706
108,0.0005,0.001,0.2,32,16,0.6992770234526539,0.025332993952111613,0.7335547834304835,0.03575538602795933,0.763984319315752,0.035334617180980826
109,0.0005,0.001,0.2,32,32,0.6955739728442956,0.023072994636221946,0.7321382701713587,0.01833958100887057,0.757233309574721,0.03238469823619213
110,0.0005,0.001,0.2,32,64,0.6786104743431494,0.026157373361088435,0.7161962005131178,0.0313844949144576,0.7562366357804704,0.03241935450933265
111,0.0005,0.001,0.2,64,16,0.6861576441544701,0.038411585747915235,0.7185062404806813,0.04610218742590899,0.7586825849370398,0.0297506761344462
112,0.0005,0.001,0.2,64,32,0.6879915358843237,0.05121067474664581,0.7265318737995096,0.055331961488869194,0.756695177001663,0.027651037909359792
113,0.0005,0.001,0.2,64,64,0.6917827543643095,0.01805347781724616,0.7262352372838984,0.028310910129347944,0.7609990496555,0.031141643360042184
114,0.0005,0.001,0.2,128,16,0.6973725974254981,0.03585921853817564,0.7267090734194408,0.0380141595570734,0.7651615585649798,0.03795780293279782
115,0.0005,0.001,0.2,128,32,0.7011814494798095,0.02691412917206047,0.737235938375314,0.028972388886941727,0.7598610121168924,0.033693089115586945
116,0.0005,0.001,0.2,128,64,0.6992593898783281,0.03447577992596927,0.7290357783053247,0.04083024056407776,0.7621596578759801,0.028076848820175474
117,0.0005,0.001,0.5,32,16,0.6710985716804796,0.055204269459861836,0.7137138996842463,0.06194273334676551,0.7526835352815395,0.045398050774723385
118,0.0005,0.001,0.5,32,32,0.6805325339446305,0.04119537541396188,0.7182583893163206,0.05029439792199753,0.7560085531004989,0.03768688297052129
119,0.0005,0.001,0.5,32,64,0.6842532181273143,0.03694567328997037,0.7250540573059008,0.04141042756699929,0.7582489902589689,0.03564518898084602
120,0.0005,0.001,0.5,64,16,0.6936342796684888,0.03882127604290388,0.7259320564558497,0.05182562852061143,0.7628415300546448,0.043580293443734985
121,0.0005,0.001,0.5,64,32,0.6880268030329748,0.03599720471480095,0.7244365793642767,0.042432249245500035,0.758392729864576,0.037665781906130846
122,0.0005,0.001,0.5,64,64,0.6729324634103332,0.029204108584354717,0.7066288046434661,0.04325991482620493,0.7512057495842243,0.03993274316616812
123,0.0005,0.001,0.5,128,16,0.6955739728442956,0.038833588852314284,0.7308069013171192,0.0498552912420734,0.7633487764314564,0.03260522866868933
124,0.0005,0.001,0.5,128,32,0.6918003879386352,0.0426397912524675,0.7279667644183772,0.0517443488968604,0.7581195058208602,0.03159065783490413
125,0.0005,0.001,0.5,128,64,0.6936342796684888,0.018974475714112565,0.7301762348255565,0.02828098726868637,0.7612758374910905,0.0377060655248708
126,0.0005,0.001,0.7,32,16,0.691659319344031,0.04875585247142016,0.7288722856335557,0.06114015804878082,0.7599144689950107,0.03787519410732544
127,0.0005,0.001,0.7,32,32,0.6767413154646447,0.044005599593243,0.7175463348089303,0.052582799681010615,0.7511736754573531,0.03409526211385666
128,0.0005,0.001,0.7,32,64,0.699312290601305,0.051811457982443236,0.7300651239830969,0.05464836766506648,0.7523176526490853,0.04466833595785782
129,0.0005,0.001,0.7,64,16,0.6956445071415975,0.0705407718329786,0.7276992477150144,0.07372714735817074,0.7567462580185318,0.04093885188456225
130,0.0005,0.001,0.7,64,32,0.6898606947628285,0.044434359312584444,0.7293840998908794,0.04764237668704894,0.7524221905440722,0.04391785813983096
131,0.0005,0.001,0.7,64,64,0.6860871098571681,0.03415788799847385,0.722321019253705,0.04210180836751344,0.7613007840342123,0.043055863280282596
132,0.0005,0.001,0.7,128,16,0.6936695468171397,0.032214506142134114,0.7359115726954369,0.04028741086892962,0.7581337609883583,0.03421646917893166
133,0.0005,0.001,0.7,128,32,0.6805149003703049,0.03573935546324554,0.7173021326735005,0.045832686196566344,0.761152292706106,0.04715477384095655
134,0.0005,0.001,0.7,128,64,0.6880091694586492,0.033024111671939936,0.7227747297266014,0.040180947597800935,0.765784034212402,0.03707332350845276
135,0.0005,0.005,0.2,32,16,0.6936695468171397,0.027762843405842362,0.7301458039373783,0.03511056643372776,0.7701104775481111,0.030893471578577806
136,0.0005,0.005,0.2,32,32,0.7067889261153235,0.022922510585905765,0.7406532098861909,0.029842059835543337,0.7649406034687574,0.028723095660581382
137,0.0005,0.005,0.2,32,64,0.7049374008111444,0.04435219034848389,0.7346831068142544,0.04786177030828229,0.760927773818009,0.03148148545699429
138,0.0005,0.005,0.2,64,16,0.6861752777287956,0.03328717246704418,0.7164647862925123,0.03711516083354647,0.7629543834640057,0.030273121351218416
139,0.0005,0.005,0.2,64,32,0.6937400811144417,0.041103943074414555,0.7279147152469723,0.03774761795687715,0.7665324305060583,0.03035623400798407
140,0.0005,0.005,0.2,64,64,0.695485804972668,0.03162723009073843,0.7294138335747207,0.037735328529447505,0.7632406747445949,0.031177752245911145
141,0.0005,0.005,0.2,128,16,0.6898430611885029,0.030489095070573548,0.7221159382300771,0.03872848171206925,0.7628771679733903,0.02805430655804092
142,0.0005,0.005,0.2,128,32,0.7143184623523189,0.02310809104136663,0.7456961935220026,0.028208019551533306,0.7698301259206463,0.02940729927813446
143,0.0005,0.005,0.2,128,64,0.6917474872156586,0.03767933191585072,0.7233197726993739,0.03619499082965941,0.7668614872891423,0.03481447241990525
144,0.0005,0.005,0.5,32,16,0.69555633926997,0.061409729575670494,0.7309517825211639,0.06551396885799018,0.7531254454739844,0.044197599155799995
145,0.0005,0.005,0.5,32,32,0.7143713630752954,0.050696319182606246,0.748117578109883,0.050399262644328674,0.7622606319790924,0.033466087362393766
146,0.0005,0.005,0.5,32,64,0.6974254981484747,0.03782372919981697,0.7311315502001656,0.04665369155034002,0.7583535281539557,0.03774472689247204
147,0.0005,0.005,0.5,64,16,0.6842532181273143,0.0439721029041581,0.7211480070583143,0.05404944391305987,0.755520313613685,0.03319553091520568
148,0.0005,0.005,0.5,64,32,0.689948862634456,0.0358501668165449,0.7275217186444021,0.04106014746245043,0.7613649322879544,0.029679389225543695
149,0.0005,0.005,0.5,64,64,0.6880268030329748,0.030723600036598072,0.7221428853855526,0.04231951187736866,0.7638405797101451,0.03054323044801362
150,0.0005,0.005,0.5,128,16,0.6917651207899842,0.03745801416261699,0.7242719303626411,0.0485792129511748,0.7592230933713473,0.02975230958130816
151,0.0005,0.005,0.5,128,32,0.6992417563040029,0.04518770721728778,0.731061441042255,0.05324593023946047,0.7658980755523878,0.03497811460867757
152,0.0005,0.005,0.5,128,64,0.7030506083583142,0.021840286987111535,0.7382862359110677,0.028544041816712235,0.7625100974103113,0.03015373306859196
153,0.0005,0.005,0.7,32,16,0.699312290601305,0.030402360966333437,0.7358213176523938,0.034476262563268883,0.7492159657875981,0.03115195831570199
154,0.0005,0.005,0.7,32,32,0.6917474872156586,0.04659679939775526,0.7309986901986901,0.051731037508232235,0.7518234735091471,0.03653650392341462
155,0.0005,0.005,0.7,32,64,0.6861752777287956,0.034598200745879375,0.7271701341195929,0.036823093849651205,0.7653694464243288,0.03538374818415356
156,0.0005,0.005,0.7,64,16,0.6899312290601306,0.04280735851748525,0.7277639733684163,0.04514235568338386,0.7549976241387503,0.045082561878811836
157,0.0005,0.005,0.7,64,32,0.6843237524246165,0.04476048480393924,0.7216567420255668,0.05284255436011629,0.7537039676882868,0.03671605373164088
158,0.0005,0.005,0.7,64,64,0.6917827543643096,0.04232151515450609,0.7279737780687577,0.05171860156989991,0.7545438346400571,0.033127508898677396
159,0.0005,0.005,0.7,128,16,0.6918003879386352,0.05024294727577227,0.7256336117719574,0.05564314871315046,0.7544998812069375,0.03924280017006141
160,0.0005,0.005,0.7,128,32,0.6917827543643096,0.041196403816951756,0.7265031733497118,0.04912423732359645,0.7578545972915182,0.03760421590870056
161,0.0005,0.005,0.7,128,64,0.6918180215129607,0.04594957257902164,0.7288719558071163,0.053229270311353966,0.7597434069850321,0.02559646965863266
