model,fold,accuracy,f1_score,auc,num_patients,learning_rate,weight_decay,dropout_rate,hidden_dim_1,hidden_dim_2
HP0,0,0.6355140186915887,0.6829268292682927,0.6967213114754098,107,0.001,0.0001,0.2,32,16
HP0,1,0.6822429906542056,0.746268656716418,0.7940128296507483,107,0.001,0.0001,0.2,32,16
HP0,2,0.7075471698113207,0.7394957983193278,0.752536231884058,106,0.001,0.0001,0.2,32,16
HP0,3,0.7264150943396226,0.768,0.7826086956521738,106,0.001,0.0001,0.2,32,16
HP0,4,0.6886792452830188,0.6972477064220184,0.7695652173913043,106,0.001,0.0001,0.2,32,16
HP1,0,0.6542056074766355,0.6942148760330579,0.7063435495367071,107,0.001,0.0001,0.2,32,32
HP1,1,0.719626168224299,0.7619047619047619,0.8022095509622238,107,0.001,0.0001,0.2,32,32
HP1,2,0.6792452830188679,0.7258064516129032,0.7557971014492753,106,0.001,0.0001,0.2,32,32
HP1,3,0.7169811320754716,0.75,0.7467391304347826,106,0.001,0.0001,0.2,32,32
HP1,4,0.6509433962264151,0.6542056074766355,0.7706521739130435,106,0.001,0.0001,0.2,32,32
HP2,0,0.7289719626168224,0.768,0.7181040627227371,107,0.001,0.0001,0.2,32,64
HP2,1,0.6728971962616822,0.7107438016528925,0.7658588738417677,107,0.001,0.0001,0.2,32,64
HP2,2,0.6886792452830188,0.736,0.7550724637681159,106,0.001,0.0001,0.2,32,64
HP2,3,0.6981132075471698,0.7419354838709677,0.7355072463768115,106,0.001,0.0001,0.2,32,64
HP2,4,0.660377358490566,0.660377358490566,0.7713768115942029,106,0.001,0.0001,0.2,32,64
HP3,0,0.6635514018691588,0.6949152542372882,0.6963649322879544,107,0.001,0.0001,0.2,64,16
HP3,1,0.6822429906542056,0.7384615384615385,0.7879543834640057,107,0.001,0.0001,0.2,64,16
HP3,2,0.6792452830188679,0.7301587301587301,0.783695652173913,106,0.001,0.0001,0.2,64,16
HP3,3,0.7264150943396226,0.7603305785123967,0.7590579710144928,106,0.001,0.0001,0.2,64,16
HP3,4,0.6792452830188679,0.6909090909090909,0.7394927536231883,106,0.001,0.0001,0.2,64,16
HP4,0,0.6542056074766355,0.6991869918699187,0.7020669992872416,107,0.001,0.0001,0.2,64,32
HP4,1,0.6915887850467289,0.7480916030534351,0.770848182466144,107,0.001,0.0001,0.2,64,32
HP4,2,0.6886792452830188,0.736,0.7384057971014493,106,0.001,0.0001,0.2,64,32
HP4,3,0.7641509433962265,0.7899159663865546,0.7713768115942028,106,0.001,0.0001,0.2,64,32
HP4,4,0.6981132075471698,0.6923076923076923,0.7945652173913044,106,0.001,0.0001,0.2,64,32
HP5,0,0.7102803738317757,0.743801652892562,0.7181040627227369,107,0.001,0.0001,0.2,64,64
HP5,1,0.7009345794392523,0.7538461538461538,0.7704918032786885,107,0.001,0.0001,0.2,64,64
HP5,2,0.7264150943396226,0.7716535433070866,0.7721014492753624,106,0.001,0.0001,0.2,64,64
HP5,3,0.7547169811320755,0.7833333333333333,0.7684782608695653,106,0.001,0.0001,0.2,64,64
HP5,4,0.660377358490566,0.660377358490566,0.7677536231884059,106,0.001,0.0001,0.2,64,64
HP6,0,0.6822429906542056,0.7213114754098361,0.7017106200997861,107,0.001,0.0001,0.2,128,16
HP6,1,0.7009345794392523,0.7575757575757576,0.8082679971489665,107,0.001,0.0001,0.2,128,16
HP6,2,0.6509433962264151,0.704,0.7409420289855072,106,0.001,0.0001,0.2,128,16
HP6,3,0.7264150943396226,0.7563025210084033,0.7786231884057971,106,0.001,0.0001,0.2,128,16
HP6,4,0.6981132075471698,0.7037037037037037,0.7710144927536231,106,0.001,0.0001,0.2,128,16
HP7,0,0.6542056074766355,0.6991869918699187,0.6974340698503207,107,0.001,0.0001,0.2,128,32
HP7,1,0.7289719626168224,0.7819548872180451,0.7879543834640057,107,0.001,0.0001,0.2,128,32
HP7,2,0.660377358490566,0.7049180327868853,0.7376811594202899,106,0.001,0.0001,0.2,128,32
HP7,3,0.7547169811320755,0.7903225806451613,0.7880434782608696,106,0.001,0.0001,0.2,128,32
HP7,4,0.6792452830188679,0.6792452830188679,0.8025362318840581,106,0.001,0.0001,0.2,128,32
HP8,0,0.719626168224299,0.7619047619047619,0.7006414825374198,107,0.001,0.0001,0.2,128,64
HP8,1,0.7102803738317757,0.752,0.7594440484675695,107,0.001,0.0001,0.2,128,64
HP8,2,0.6792452830188679,0.7301587301587301,0.7297101449275362,106,0.001,0.0001,0.2,128,64
HP8,3,0.7358490566037735,0.7704918032786885,0.7514492753623188,106,0.001,0.0001,0.2,128,64
HP8,4,0.6792452830188679,0.6792452830188679,0.7793478260869565,106,0.001,0.0001,0.2,128,64
HP9,0,0.6542056074766355,0.704,0.7106200997861725,107,0.001,0.0001,0.5,32,16
HP9,1,0.6915887850467289,0.7555555555555555,0.801496792587313,107,0.001,0.0001,0.5,32,16
HP9,2,0.6792452830188679,0.7213114754098361,0.7833333333333333,106,0.001,0.0001,0.5,32,16
HP9,3,0.7452830188679245,0.784,0.777536231884058,106,0.001,0.0001,0.5,32,16
HP9,4,0.6698113207547169,0.6788990825688074,0.735144927536232,106,0.001,0.0001,0.5,32,16
HP10,0,0.6448598130841121,0.6885245901639344,0.6999287241625088,107,0.001,0.0001,0.5,32,32
HP10,1,0.7102803738317757,0.7559055118110236,0.8025659301496793,107,0.001,0.0001,0.5,32,32
HP10,2,0.6792452830188679,0.734375,0.7608695652173912,106,0.001,0.0001,0.5,32,32
HP10,3,0.7075471698113207,0.7350427350427351,0.7427536231884058,106,0.001,0.0001,0.5,32,32
HP10,4,0.6509433962264151,0.6605504587155964,0.7152173913043478,106,0.001,0.0001,0.5,32,32
HP11,0,0.6448598130841121,0.6935483870967742,0.7013542409123308,107,0.001,0.0001,0.5,32,64
HP11,1,0.6728971962616822,0.7368421052631579,0.7904490377761938,107,0.001,0.0001,0.5,32,64
HP11,2,0.7169811320754716,0.7457627118644068,0.7956521739130434,106,0.001,0.0001,0.5,32,64
HP11,3,0.7358490566037735,0.7777777777777778,0.763768115942029,106,0.001,0.0001,0.5,32,64
HP11,4,0.6792452830188679,0.6909090909090909,0.7496376811594203,106,0.001,0.0001,0.5,32,64
HP12,0,0.6355140186915887,0.6722689075630253,0.7077690662865289,107,0.001,0.0001,0.5,64,16
HP12,1,0.6728971962616822,0.7407407407407407,0.792943692088382,107,0.001,0.0001,0.5,64,16
HP12,2,0.6886792452830188,0.7317073170731707,0.7557971014492754,106,0.001,0.0001,0.5,64,16
HP12,3,0.7547169811320755,0.8,0.7753623188405797,106,0.001,0.0001,0.5,64,16
HP12,4,0.6698113207547169,0.6902654867256637,0.7481884057971014,106,0.001,0.0001,0.5,64,16
HP13,0,0.6448598130841121,0.6885245901639344,0.706343549536707,107,0.001,0.0001,0.5,64,32
HP13,1,0.7383177570093458,0.78125,0.8086243763364219,107,0.001,0.0001,0.5,64,32
HP13,2,0.6792452830188679,0.7166666666666667,0.763768115942029,106,0.001,0.0001,0.5,64,32
HP13,3,0.7547169811320755,0.7903225806451613,0.7706521739130435,106,0.001,0.0001,0.5,64,32
HP13,4,0.6981132075471698,0.7090909090909091,0.7507246376811594,106,0.001,0.0001,0.5,64,32
HP14,0,0.6635514018691588,0.7,0.7173913043478262,107,0.001,0.0001,0.5,64,64
HP14,1,0.7102803738317757,0.7703703703703704,0.7815395580898076,107,0.001,0.0001,0.5,64,64
HP14,2,0.6981132075471698,0.7333333333333333,0.7452898550724638,106,0.001,0.0001,0.5,64,64
HP14,3,0.7169811320754716,0.7321428571428571,0.7721014492753623,106,0.001,0.0001,0.5,64,64
HP14,4,0.6792452830188679,0.6964285714285714,0.727536231884058,106,0.001,0.0001,0.5,64,64
HP15,0,0.6635514018691588,0.7142857142857143,0.7124019957234496,107,0.001,0.0001,0.5,128,16
HP15,1,0.6915887850467289,0.7555555555555555,0.7993585174625801,107,0.001,0.0001,0.5,128,16
HP15,2,0.6698113207547169,0.72,0.7576086956521739,106,0.001,0.0001,0.5,128,16
HP15,3,0.7264150943396226,0.7751937984496124,0.7778985507246376,106,0.001,0.0001,0.5,128,16
HP15,4,0.6415094339622641,0.6833333333333333,0.7326086956521739,106,0.001,0.0001,0.5,128,16
HP16,0,0.6728971962616822,0.7154471544715447,0.7063435495367071,107,0.001,0.0001,0.5,128,32
HP16,1,0.7289719626168224,0.7786259541984732,0.8250178189593728,107,0.001,0.0001,0.5,128,32
HP16,2,0.6886792452830188,0.7272727272727273,0.7449275362318841,106,0.001,0.0001,0.5,128,32
HP16,3,0.7264150943396226,0.768,0.7717391304347826,106,0.001,0.0001,0.5,128,32
HP16,4,0.6792452830188679,0.6909090909090909,0.7434782608695653,106,0.001,0.0001,0.5,128,32
HP17,0,0.6728971962616822,0.7154471544715447,0.7091945830363506,107,0.001,0.0001,0.5,128,64
HP17,1,0.6915887850467289,0.7555555555555555,0.7965074839629366,107,0.001,0.0001,0.5,128,64
HP17,2,0.7075471698113207,0.7559055118110236,0.7789855072463768,106,0.001,0.0001,0.5,128,64
HP17,3,0.7169811320754716,0.75,0.7626811594202899,106,0.001,0.0001,0.5,128,64
HP17,4,0.6792452830188679,0.6792452830188679,0.7706521739130435,106,0.001,0.0001,0.5,128,64
HP18,0,0.6635514018691588,0.7,0.7091945830363506,107,0.001,0.0001,0.7,32,16
HP18,1,0.6822429906542056,0.75,0.804704205274412,107,0.001,0.0001,0.7,32,16
HP18,2,0.6886792452830188,0.7079646017699115,0.7884057971014492,106,0.001,0.0001,0.7,32,16
HP18,3,0.7264150943396226,0.768,0.7597826086956521,106,0.001,0.0001,0.7,32,16
HP18,4,0.6415094339622641,0.6545454545454545,0.7293478260869566,106,0.001,0.0001,0.7,32,16
HP19,0,0.6542056074766355,0.6890756302521008,0.7116892373485388,107,0.001,0.0001,0.7,32,32
HP19,1,0.719626168224299,0.7727272727272727,0.7904490377761938,107,0.001,0.0001,0.7,32,32
HP19,2,0.7264150943396226,0.7563025210084033,0.783695652173913,106,0.001,0.0001,0.7,32,32
HP19,3,0.7358490566037735,0.7777777777777778,0.7630434782608697,106,0.001,0.0001,0.7,32,32
HP19,4,0.660377358490566,0.6842105263157895,0.7097826086956521,106,0.001,0.0001,0.7,32,32
HP20,0,0.6542056074766355,0.6942148760330579,0.7195295794725587,107,0.001,0.0001,0.7,32,64
HP20,1,0.7289719626168224,0.7819548872180451,0.8018531717747683,107,0.001,0.0001,0.7,32,64
HP20,2,0.7358490566037735,0.7666666666666667,0.7865942028985506,106,0.001,0.0001,0.7,32,64
HP20,3,0.7264150943396226,0.7751937984496124,0.7565217391304347,106,0.001,0.0001,0.7,32,64
HP20,4,0.6226415094339622,0.6428571428571429,0.710144927536232,106,0.001,0.0001,0.7,32,64
HP21,0,0.6448598130841121,0.6885245901639344,0.7095509622238061,107,0.001,0.0001,0.7,64,16
HP21,1,0.7009345794392523,0.7575757575757576,0.7890235210263721,107,0.001,0.0001,0.7,64,16
HP21,2,0.7264150943396226,0.768,0.7721014492753623,106,0.001,0.0001,0.7,64,16
HP21,3,0.7735849056603774,0.8064516129032258,0.7721014492753624,106,0.001,0.0001,0.7,64,16
HP21,4,0.6415094339622641,0.6545454545454545,0.721376811594203,106,0.001,0.0001,0.7,64,16
HP22,0,0.6728971962616822,0.72,0.7127583749109052,107,0.001,0.0001,0.7,64,32
HP22,1,0.7102803738317757,0.7703703703703704,0.8025659301496793,107,0.001,0.0001,0.7,64,32
HP22,2,0.7169811320754716,0.7368421052631579,0.7840579710144927,106,0.001,0.0001,0.7,64,32
HP22,3,0.7358490566037735,0.78125,0.7793478260869565,106,0.001,0.0001,0.7,64,32
HP22,4,0.6509433962264151,0.6666666666666666,0.7333333333333333,106,0.001,0.0001,0.7,64,32
HP23,0,0.6542056074766355,0.6991869918699187,0.7063435495367071,107,0.001,0.0001,0.7,64,64
HP23,1,0.6728971962616822,0.7407407407407407,0.7868852459016393,107,0.001,0.0001,0.7,64,64
HP23,2,0.7169811320754716,0.7368421052631579,0.7735507246376812,106,0.001,0.0001,0.7,64,64
HP23,3,0.7358490566037735,0.7741935483870968,0.7728260869565218,106,0.001,0.0001,0.7,64,64
HP23,4,0.6509433962264151,0.6666666666666666,0.7326086956521739,106,0.001,0.0001,0.7,64,64
HP24,0,0.6542056074766355,0.6890756302521008,0.7152530292230934,107,0.001,0.0001,0.7,128,16
HP24,1,0.6635514018691588,0.7391304347826086,0.7918745545260156,107,0.001,0.0001,0.7,128,16
HP24,2,0.7264150943396226,0.7716535433070866,0.7746376811594203,106,0.001,0.0001,0.7,128,16
HP24,3,0.7264150943396226,0.7716535433070866,0.7615942028985507,106,0.001,0.0001,0.7,128,16
HP24,4,0.6415094339622641,0.6481481481481481,0.7605072463768116,106,0.001,0.0001,0.7,128,16
HP25,0,0.6635514018691588,0.7049180327868853,0.7163221667854597,107,0.001,0.0001,0.7,128,32
HP25,1,0.6915887850467289,0.7518796992481203,0.792943692088382,107,0.001,0.0001,0.7,128,32
HP25,2,0.6981132075471698,0.7377049180327869,0.7655797101449275,106,0.001,0.0001,0.7,128,32
HP25,3,0.7358490566037735,0.7741935483870968,0.7768115942028986,106,0.001,0.0001,0.7,128,32
HP25,4,0.660377358490566,0.6727272727272727,0.7289855072463768,106,0.001,0.0001,0.7,128,32
HP26,0,0.6542056074766355,0.704,0.7141838916607269,107,0.001,0.0001,0.7,128,64
HP26,1,0.6915887850467289,0.7555555555555555,0.8050605844618675,107,0.001,0.0001,0.7,128,64
HP26,2,0.6792452830188679,0.7166666666666667,0.7597826086956522,106,0.001,0.0001,0.7,128,64
HP26,3,0.7547169811320755,0.7936507936507936,0.7811594202898552,106,0.001,0.0001,0.7,128,64
HP26,4,0.6698113207547169,0.6846846846846847,0.7467391304347826,106,0.001,0.0001,0.7,128,64
HP27,0,0.6822429906542056,0.7213114754098361,0.714183891660727,107,0.001,0.001,0.2,32,16
HP27,1,0.6822429906542056,0.734375,0.7993585174625801,107,0.001,0.001,0.2,32,16
HP27,2,0.660377358490566,0.6949152542372882,0.7438405797101448,106,0.001,0.001,0.2,32,16
HP27,3,0.7264150943396226,0.7642276422764228,0.7630434782608695,106,0.001,0.001,0.2,32,16
HP27,4,0.660377358490566,0.660377358490566,0.782608695652174,106,0.001,0.001,0.2,32,16
HP28,0,0.6542056074766355,0.6942148760330579,0.7099073414112615,107,0.001,0.001,0.2,32,32
HP28,1,0.6728971962616822,0.732824427480916,0.7736992159657876,107,0.001,0.001,0.2,32,32
HP28,2,0.6792452830188679,0.7258064516129032,0.7594202898550724,106,0.001,0.001,0.2,32,32
HP28,3,0.7264150943396226,0.7478260869565218,0.7721014492753624,106,0.001,0.001,0.2,32,32
HP28,4,0.6792452830188679,0.6851851851851852,0.7811594202898551,106,0.001,0.001,0.2,32,32
HP29,0,0.7009345794392523,0.7377049180327869,0.7248752672843906,107,0.001,0.001,0.2,32,64
HP29,1,0.6728971962616822,0.732824427480916,0.782608695652174,107,0.001,0.001,0.2,32,64
HP29,2,0.6698113207547169,0.7286821705426356,0.7536231884057971,106,0.001,0.001,0.2,32,64
HP29,3,0.7358490566037735,0.7454545454545455,0.7742753623188405,106,0.001,0.001,0.2,32,64
HP29,4,0.6792452830188679,0.6792452830188679,0.7677536231884058,106,0.001,0.001,0.2,32,64
HP30,0,0.6355140186915887,0.6722689075630253,0.7138275124732715,107,0.001,0.001,0.2,64,16
HP30,1,0.7009345794392523,0.7575757575757576,0.7990021382751247,107,0.001,0.001,0.2,64,16
HP30,2,0.6886792452830188,0.7480916030534351,0.7572463768115942,106,0.001,0.001,0.2,64,16
HP30,3,0.7169811320754716,0.7580645161290323,0.7768115942028985,106,0.001,0.001,0.2,64,16
HP30,4,0.6792452830188679,0.6851851851851852,0.767391304347826,106,0.001,0.001,0.2,64,16
HP31,0,0.6728971962616822,0.72,0.699215965787598,107,0.001,0.001,0.2,64,32
HP31,1,0.719626168224299,0.7692307692307693,0.7965074839629366,107,0.001,0.001,0.2,64,32
HP31,2,0.6698113207547169,0.72,0.7391304347826086,106,0.001,0.001,0.2,64,32
HP31,3,0.7452830188679245,0.773109243697479,0.7721014492753623,106,0.001,0.001,0.2,64,32
HP31,4,0.7169811320754716,0.7321428571428571,0.7920289855072463,106,0.001,0.001,0.2,64,32
HP32,0,0.6915887850467289,0.7317073170731707,0.7052744119743407,107,0.001,0.001,0.2,64,64
HP32,1,0.7289719626168224,0.768,0.7801140413399857,107,0.001,0.001,0.2,64,64
HP32,2,0.7169811320754716,0.765625,0.768840579710145,106,0.001,0.001,0.2,64,64
HP32,3,0.7641509433962265,0.7863247863247863,0.7670289855072464,106,0.001,0.001,0.2,64,64
HP32,4,0.660377358490566,0.6666666666666666,0.7590579710144927,106,0.001,0.001,0.2,64,64
HP33,0,0.6915887850467289,0.7272727272727273,0.718104062722737,107,0.001,0.001,0.2,128,16
HP33,1,0.719626168224299,0.7692307692307693,0.7868852459016393,107,0.001,0.001,0.2,128,16
HP33,2,0.6698113207547169,0.7286821705426356,0.736231884057971,106,0.001,0.001,0.2,128,16
HP33,3,0.7358490566037735,0.7666666666666667,0.7655797101449275,106,0.001,0.001,0.2,128,16
HP33,4,0.6698113207547169,0.6728971962616822,0.7576086956521739,106,0.001,0.001,0.2,128,16
HP34,0,0.6728971962616822,0.7107438016528925,0.7017106200997862,107,0.001,0.001,0.2,128,32
HP34,1,0.719626168224299,0.7727272727272727,0.7736992159657876,107,0.001,0.001,0.2,128,32
HP34,2,0.6981132075471698,0.7419354838709677,0.7391304347826086,106,0.001,0.001,0.2,128,32
HP34,3,0.7641509433962265,0.7967479674796748,0.7829710144927536,106,0.001,0.001,0.2,128,32
HP34,4,0.6698113207547169,0.6728971962616822,0.7615942028985507,106,0.001,0.001,0.2,128,32
HP35,0,0.6915887850467289,0.736,0.6988595866001426,107,0.001,0.001,0.2,128,64
HP35,1,0.6542056074766355,0.7131782945736435,0.7430506058446187,107,0.001,0.001,0.2,128,64
HP35,2,0.6886792452830188,0.736,0.7315217391304348,106,0.001,0.001,0.2,128,64
HP35,3,0.6981132075471698,0.7241379310344828,0.7442028985507246,106,0.001,0.001,0.2,128,64
HP35,4,0.6698113207547169,0.6728971962616822,0.7876811594202899,106,0.001,0.001,0.2,128,64
HP36,0,0.6542056074766355,0.6942148760330579,0.7120456165359943,107,0.001,0.001,0.5,32,16
HP36,1,0.6728971962616822,0.7368421052631579,0.7840342124019957,107,0.001,0.001,0.5,32,16
HP36,2,0.7075471698113207,0.7304347826086957,0.7579710144927536,106,0.001,0.001,0.5,32,16
HP36,3,0.7452830188679245,0.784,0.7847826086956522,106,0.001,0.001,0.5,32,16
HP36,4,0.660377358490566,0.6785714285714286,0.7235507246376811,106,0.001,0.001,0.5,32,16
HP37,0,0.6542056074766355,0.6991869918699187,0.7042052744119742,107,0.001,0.001,0.5,32,32
HP37,1,0.7009345794392523,0.7647058823529411,0.8071988595866001,107,0.001,0.001,0.5,32,32
HP37,2,0.7264150943396226,0.7521367521367521,0.7684782608695652,106,0.001,0.001,0.5,32,32
HP37,3,0.7075471698113207,0.743801652892562,0.7452898550724638,106,0.001,0.001,0.5,32,32
HP37,4,0.6698113207547169,0.6902654867256637,0.7442028985507246,106,0.001,0.001,0.5,32,32
HP38,0,0.6728971962616822,0.72,0.722024233784747,107,0.001,0.001,0.5,32,64
HP38,1,0.7009345794392523,0.7611940298507462,0.8086243763364219,107,0.001,0.001,0.5,32,64
HP38,2,0.6981132075471698,0.7538461538461538,0.7764492753623188,106,0.001,0.001,0.5,32,64
HP38,3,0.7452830188679245,0.7768595041322314,0.788768115942029,106,0.001,0.001,0.5,32,64
HP38,4,0.6792452830188679,0.6964285714285714,0.7528985507246377,106,0.001,0.001,0.5,32,64
HP39,0,0.6542056074766355,0.6991869918699187,0.7184604419101924,107,0.001,0.001,0.5,64,16
HP39,1,0.719626168224299,0.7619047619047619,0.7954383464005701,107,0.001,0.001,0.5,64,16
HP39,2,0.6792452830188679,0.7213114754098361,0.7663043478260869,106,0.001,0.001,0.5,64,16
HP39,3,0.7169811320754716,0.7619047619047619,0.788768115942029,106,0.001,0.001,0.5,64,16
HP39,4,0.6886792452830188,0.7079646017699115,0.7442028985507245,106,0.001,0.001,0.5,64,16
HP40,0,0.6635514018691588,0.7049180327868853,0.7099073414112615,107,0.001,0.001,0.5,64,32
HP40,1,0.6915887850467289,0.7518796992481203,0.7965074839629366,107,0.001,0.001,0.5,64,32
HP40,2,0.6981132075471698,0.7288135593220338,0.764855072463768,106,0.001,0.001,0.5,64,32
HP40,3,0.7075471698113207,0.7394957983193278,0.7793478260869565,106,0.001,0.001,0.5,64,32
HP40,4,0.6698113207547169,0.6846846846846847,0.7427536231884058,106,0.001,0.001,0.5,64,32
HP41,0,0.6728971962616822,0.7154471544715447,0.7059871703492516,107,0.001,0.001,0.5,64,64
HP41,1,0.6822429906542056,0.746268656716418,0.800071275837491,107,0.001,0.001,0.5,64,64
HP41,2,0.6698113207547169,0.7058823529411765,0.7557971014492754,106,0.001,0.001,0.5,64,64
HP41,3,0.7452830188679245,0.7768595041322314,0.775,106,0.001,0.001,0.5,64,64
HP41,4,0.6886792452830188,0.7027027027027027,0.7452898550724638,106,0.001,0.001,0.5,64,64
HP42,0,0.6542056074766355,0.704,0.7163221667854597,107,0.001,0.001,0.5,128,16
HP42,1,0.7102803738317757,0.7633587786259542,0.804704205274412,107,0.001,0.001,0.5,128,16
HP42,2,0.6792452830188679,0.7166666666666667,0.7409420289855072,106,0.001,0.001,0.5,128,16
HP42,3,0.7452830188679245,0.7874015748031497,0.783695652173913,106,0.001,0.001,0.5,128,16
HP42,4,0.6792452830188679,0.6851851851851852,0.7496376811594202,106,0.001,0.001,0.5,128,16
HP43,0,0.6822429906542056,0.7213114754098361,0.7134711332858161,107,0.001,0.001,0.5,128,32
HP43,1,0.7289719626168224,0.7642276422764228,0.8071988595866001,107,0.001,0.001,0.5,128,32
HP43,2,0.7075471698113207,0.7394957983193278,0.766304347826087,106,0.001,0.001,0.5,128,32
HP43,3,0.6981132075471698,0.7377049180327869,0.7597826086956522,106,0.001,0.001,0.5,128,32
HP43,4,0.6792452830188679,0.6851851851851852,0.7648550724637682,106,0.001,0.001,0.5,128,32
HP44,0,0.6728971962616822,0.7154471544715447,0.7059871703492516,107,0.001,0.001,0.5,128,64
HP44,1,0.7289719626168224,0.7716535433070866,0.7961511047754811,107,0.001,0.001,0.5,128,64
HP44,2,0.6698113207547169,0.72,0.7289855072463769,106,0.001,0.001,0.5,128,64
HP44,3,0.7264150943396226,0.7603305785123967,0.7731884057971015,106,0.001,0.001,0.5,128,64
HP44,4,0.6792452830188679,0.6851851851851852,0.7442028985507245,106,0.001,0.001,0.5,128,64
HP45,0,0.6635514018691588,0.7,0.7077690662865289,107,0.001,0.001,0.7,32,16
HP45,1,0.7009345794392523,0.7647058823529411,0.8014967925873128,107,0.001,0.001,0.7,32,16
HP45,2,0.6698113207547169,0.6902654867256637,0.7992753623188406,106,0.001,0.001,0.7,32,16
HP45,3,0.7452830188679245,0.784,0.7652173913043478,106,0.001,0.001,0.7,32,16
HP45,4,0.6509433962264151,0.6542056074766355,0.7307971014492753,106,0.001,0.001,0.7,32,16
HP46,0,0.6728971962616822,0.7154471544715447,0.7205987170349252,107,0.001,0.001,0.7,32,32
HP46,1,0.7102803738317757,0.7703703703703704,0.7925873129009265,107,0.001,0.001,0.7,32,32
HP46,2,0.6981132075471698,0.7377049180327869,0.7583333333333334,106,0.001,0.001,0.7,32,32
HP46,3,0.7641509433962265,0.8031496062992126,0.7641304347826087,106,0.001,0.001,0.7,32,32
HP46,4,0.6320754716981132,0.6666666666666666,0.7057971014492753,106,0.001,0.001,0.7,32,32
HP47,0,0.6635514018691588,0.7096774193548387,0.7152530292230934,107,0.001,0.001,0.7,32,64
HP47,1,0.719626168224299,0.7761194029850746,0.8004276550249465,107,0.001,0.001,0.7,32,64
HP47,2,0.7358490566037735,0.7586206896551724,0.7673913043478261,106,0.001,0.001,0.7,32,64
HP47,3,0.7452830188679245,0.784,0.7681159420289855,106,0.001,0.001,0.7,32,64
HP47,4,0.6415094339622641,0.6545454545454545,0.7286231884057971,106,0.001,0.001,0.7,32,64
HP48,0,0.6355140186915887,0.6829268292682927,0.7034925160370634,107,0.001,0.001,0.7,64,16
HP48,1,0.7009345794392523,0.7538461538461538,0.7933000712758373,107,0.001,0.001,0.7,64,16
HP48,2,0.7075471698113207,0.743801652892562,0.7778985507246376,106,0.001,0.001,0.7,64,16
HP48,3,0.7452830188679245,0.784,0.766304347826087,106,0.001,0.001,0.7,64,16
HP48,4,0.6509433962264151,0.6666666666666666,0.7289855072463768,106,0.001,0.001,0.7,64,16
HP49,0,0.6448598130841121,0.6833333333333333,0.7017106200997861,107,0.001,0.001,0.7,64,32
HP49,1,0.7009345794392523,0.7647058823529411,0.803991446899501,107,0.001,0.001,0.7,64,32
HP49,2,0.6981132075471698,0.7241379310344828,0.7807971014492754,106,0.001,0.001,0.7,64,32
HP49,3,0.7264150943396226,0.7642276422764228,0.7572463768115942,106,0.001,0.001,0.7,64,32
HP49,4,0.6509433962264151,0.672566371681416,0.7344202898550725,106,0.001,0.001,0.7,64,32
HP50,0,0.6261682242990654,0.6666666666666666,0.7131147540983607,107,0.001,0.001,0.7,64,64
HP50,1,0.6915887850467289,0.7480916030534351,0.7950819672131147,107,0.001,0.001,0.7,64,64
HP50,2,0.6886792452830188,0.7272727272727273,0.7648550724637682,106,0.001,0.001,0.7,64,64
HP50,3,0.7358490566037735,0.7741935483870968,0.7746376811594202,106,0.001,0.001,0.7,64,64
HP50,4,0.6415094339622641,0.6545454545454545,0.7159420289855072,106,0.001,0.001,0.7,64,64
HP51,0,0.6635514018691588,0.7096774193548387,0.7124019957234498,107,0.001,0.001,0.7,128,16
HP51,1,0.7102803738317757,0.7669172932330827,0.785816108339273,107,0.001,0.001,0.7,128,16
HP51,2,0.6886792452830188,0.7401574803149606,0.7628623188405798,106,0.001,0.001,0.7,128,16
HP51,3,0.7264150943396226,0.7716535433070866,0.7628623188405798,106,0.001,0.001,0.7,128,16
HP51,4,0.6509433962264151,0.6666666666666666,0.7307971014492753,106,0.001,0.001,0.7,128,16
HP52,0,0.6542056074766355,0.6942148760330579,0.7077690662865288,107,0.001,0.001,0.7,128,32
HP52,1,0.6728971962616822,0.7407407407407407,0.7940128296507483,107,0.001,0.001,0.7,128,32
HP52,2,0.7075471698113207,0.7304347826086957,0.7630434782608696,106,0.001,0.001,0.7,128,32
HP52,3,0.7358490566037735,0.78125,0.7829710144927536,106,0.001,0.001,0.7,128,32
HP52,4,0.6509433962264151,0.6605504587155964,0.738768115942029,106,0.001,0.001,0.7,128,32
HP53,0,0.6355140186915887,0.6776859504132231,0.7088382038488952,107,0.001,0.001,0.7,128,64
HP53,1,0.719626168224299,0.765625,0.7936564504632929,107,0.001,0.001,0.7,128,64
HP53,2,0.6886792452830188,0.7272727272727273,0.7681159420289855,106,0.001,0.001,0.7,128,64
HP53,3,0.7358490566037735,0.7666666666666667,0.7833333333333333,106,0.001,0.001,0.7,128,64
HP53,4,0.6509433962264151,0.6542056074766355,0.7420289855072464,106,0.001,0.001,0.7,128,64
HP54,0,0.6542056074766355,0.6991869918699187,0.714896650035638,107,0.001,0.005,0.2,32,16
HP54,1,0.6822429906542056,0.7384615384615385,0.7997148966500356,107,0.001,0.005,0.2,32,16
HP54,2,0.7075471698113207,0.7394957983193278,0.7695652173913043,106,0.001,0.005,0.2,32,16
HP54,3,0.7358490566037735,0.7777777777777778,0.7807971014492754,106,0.001,0.005,0.2,32,16
HP54,4,0.6698113207547169,0.6788990825688074,0.755072463768116,106,0.001,0.005,0.2,32,16
HP55,0,0.6542056074766355,0.6991869918699187,0.7120456165359943,107,0.001,0.005,0.2,32,32
HP55,1,0.6728971962616822,0.7368421052631579,0.7861724875267284,107,0.001,0.005,0.2,32,32
HP55,2,0.7169811320754716,0.7457627118644068,0.7478260869565218,106,0.001,0.005,0.2,32,32
HP55,3,0.7358490566037735,0.7704918032786885,0.7757246376811593,106,0.001,0.005,0.2,32,32
HP55,4,0.6509433962264151,0.6605504587155964,0.7503623188405798,106,0.001,0.005,0.2,32,32
HP56,0,0.6635514018691588,0.7049180327868853,0.7124019957234498,107,0.001,0.005,0.2,32,64
HP56,1,0.6728971962616822,0.732824427480916,0.7943692088382038,107,0.001,0.005,0.2,32,64
HP56,2,0.7075471698113207,0.7394957983193278,0.7666666666666667,106,0.001,0.005,0.2,32,64
HP56,3,0.7075471698113207,0.7559055118110236,0.7807971014492755,106,0.001,0.005,0.2,32,64
HP56,4,0.6886792452830188,0.6972477064220184,0.755072463768116,106,0.001,0.005,0.2,32,64
HP57,0,0.6728971962616822,0.7154471544715447,0.7052744119743407,107,0.001,0.005,0.2,64,16
HP57,1,0.719626168224299,0.765625,0.7940128296507484,107,0.001,0.005,0.2,64,16
HP57,2,0.6981132075471698,0.7419354838709677,0.763768115942029,106,0.001,0.005,0.2,64,16
HP57,3,0.7452830188679245,0.7768595041322314,0.7847826086956522,106,0.001,0.005,0.2,64,16
HP57,4,0.6886792452830188,0.6972477064220184,0.7746376811594202,106,0.001,0.005,0.2,64,16
HP58,0,0.6635514018691588,0.7,0.714183891660727,107,0.001,0.005,0.2,64,32
HP58,1,0.6822429906542056,0.734375,0.770135424091233,107,0.001,0.005,0.2,64,32
HP58,2,0.6886792452830188,0.7226890756302521,0.7634057971014493,106,0.001,0.005,0.2,64,32
HP58,3,0.7264150943396226,0.7642276422764228,0.7815217391304349,106,0.001,0.005,0.2,64,32
HP58,4,0.6792452830188679,0.6909090909090909,0.756159420289855,106,0.001,0.005,0.2,64,32
HP59,0,0.6728971962616822,0.7154471544715447,0.7066999287241625,107,0.001,0.005,0.2,64,64
HP59,1,0.7289719626168224,0.7751937984496124,0.8029223093371347,107,0.001,0.005,0.2,64,64
HP59,2,0.7358490566037735,0.7704918032786885,0.7800724637681159,106,0.001,0.005,0.2,64,64
HP59,3,0.7264150943396226,0.7603305785123967,0.7601449275362321,106,0.001,0.005,0.2,64,64
HP59,4,0.7075471698113207,0.7256637168141593,0.7753623188405797,106,0.001,0.005,0.2,64,64
HP60,0,0.6728971962616822,0.7058823529411765,0.718104062722737,107,0.001,0.005,0.2,128,16
HP60,1,0.6915887850467289,0.7441860465116279,0.7833214540270848,107,0.001,0.005,0.2,128,16
HP60,2,0.6981132075471698,0.7333333333333333,0.7565217391304349,106,0.001,0.005,0.2,128,16
HP60,3,0.7452830188679245,0.7874015748031497,0.7829710144927535,106,0.001,0.005,0.2,128,16
HP60,4,0.7075471698113207,0.7207207207207207,0.7797101449275362,106,0.001,0.005,0.2,128,16
HP61,0,0.6915887850467289,0.7272727272727273,0.7216678545972915,107,0.001,0.005,0.2,128,32
HP61,1,0.7570093457943925,0.8,0.8011404133998574,107,0.001,0.005,0.2,128,32
HP61,2,0.6886792452830188,0.7226890756302521,0.7623188405797101,106,0.001,0.005,0.2,128,32
HP61,3,0.7358490566037735,0.7741935483870968,0.7800724637681159,106,0.001,0.005,0.2,128,32
HP61,4,0.6792452830188679,0.6909090909090909,0.7681159420289856,106,0.001,0.005,0.2,128,32
HP62,0,0.6728971962616822,0.7058823529411765,0.7066999287241625,107,0.001,0.005,0.2,128,64
HP62,1,0.7009345794392523,0.7538461538461538,0.7801140413399857,107,0.001,0.005,0.2,128,64
HP62,2,0.6981132075471698,0.7419354838709677,0.7615942028985507,106,0.001,0.005,0.2,128,64
HP62,3,0.7075471698113207,0.7479674796747967,0.7702898550724637,106,0.001,0.005,0.2,128,64
HP62,4,0.6886792452830188,0.7027027027027027,0.7710144927536232,106,0.001,0.005,0.2,128,64
HP63,0,0.6261682242990654,0.6721311475409836,0.7220242337847469,107,0.001,0.005,0.5,32,16
HP63,1,0.7009345794392523,0.7647058823529411,0.7965074839629366,107,0.001,0.005,0.5,32,16
HP63,2,0.7169811320754716,0.75,0.7594202898550725,106,0.001,0.005,0.5,32,16
HP63,3,0.7641509433962265,0.8,0.788768115942029,106,0.001,0.005,0.5,32,16
HP63,4,0.6226415094339622,0.6428571428571429,0.7188405797101449,106,0.001,0.005,0.5,32,16
HP64,0,0.6448598130841121,0.6833333333333333,0.7184604419101924,107,0.001,0.005,0.5,32,32
HP64,1,0.7289719626168224,0.7819548872180451,0.8054169636493228,107,0.001,0.005,0.5,32,32
HP64,2,0.6792452830188679,0.7213114754098361,0.7576086956521739,106,0.001,0.005,0.5,32,32
HP64,3,0.7264150943396226,0.7716535433070866,0.7865942028985506,106,0.001,0.005,0.5,32,32
HP64,4,0.6698113207547169,0.6902654867256637,0.7333333333333334,106,0.001,0.005,0.5,32,32
HP65,0,0.6448598130841121,0.6779661016949152,0.7195295794725588,107,0.001,0.005,0.5,32,64
HP65,1,0.6915887850467289,0.7518796992481203,0.7990021382751248,107,0.001,0.005,0.5,32,64
HP65,2,0.7169811320754716,0.7457627118644068,0.7673913043478262,106,0.001,0.005,0.5,32,64
HP65,3,0.7452830188679245,0.784,0.7815217391304348,106,0.001,0.005,0.5,32,64
HP65,4,0.6792452830188679,0.6964285714285714,0.7561594202898552,106,0.001,0.005,0.5,32,64
HP66,0,0.6355140186915887,0.6776859504132231,0.7202423378474697,107,0.001,0.005,0.5,64,16
HP66,1,0.6915887850467289,0.7518796992481203,0.7965074839629366,107,0.001,0.005,0.5,64,16
HP66,2,0.6981132075471698,0.7241379310344828,0.7713768115942029,106,0.001,0.005,0.5,64,16
HP66,3,0.7358490566037735,0.7704918032786885,0.7847826086956522,106,0.001,0.005,0.5,64,16
HP66,4,0.6698113207547169,0.6788990825688074,0.766304347826087,106,0.001,0.005,0.5,64,16
HP67,0,0.6448598130841121,0.6885245901639344,0.7156094084105488,107,0.001,0.005,0.5,64,32
HP67,1,0.719626168224299,0.7727272727272727,0.7918745545260156,107,0.001,0.005,0.5,64,32
HP67,2,0.6981132075471698,0.7288135593220338,0.7670289855072463,106,0.001,0.005,0.5,64,32
HP67,3,0.7641509433962265,0.7899159663865546,0.7931159420289854,106,0.001,0.005,0.5,64,32
HP67,4,0.6792452830188679,0.6909090909090909,0.7514492753623188,106,0.001,0.005,0.5,64,32
HP68,0,0.6728971962616822,0.7058823529411765,0.7113328581610834,107,0.001,0.005,0.5,64,64
HP68,1,0.719626168224299,0.765625,0.788310762651461,107,0.001,0.005,0.5,64,64
HP68,2,0.6981132075471698,0.7241379310344828,0.7684782608695653,106,0.001,0.005,0.5,64,64
HP68,3,0.7547169811320755,0.7936507936507936,0.7967391304347826,106,0.001,0.005,0.5,64,64
HP68,4,0.6792452830188679,0.6909090909090909,0.7605072463768116,106,0.001,0.005,0.5,64,64
HP69,0,0.6355140186915887,0.6829268292682927,0.7056307911617961,107,0.001,0.005,0.5,128,16
HP69,1,0.7102803738317757,0.7633587786259542,0.8022095509622239,107,0.001,0.005,0.5,128,16
HP69,2,0.7264150943396226,0.7478260869565218,0.7547101449275362,106,0.001,0.005,0.5,128,16
HP69,3,0.7547169811320755,0.7903225806451613,0.7934782608695652,106,0.001,0.005,0.5,128,16
HP69,4,0.7169811320754716,0.7321428571428571,0.7641304347826087,106,0.001,0.005,0.5,128,16
HP70,0,0.7009345794392523,0.7333333333333333,0.7188168210976479,107,0.001,0.005,0.5,128,32
HP70,1,0.7009345794392523,0.75,0.785103349964362,107,0.001,0.005,0.5,128,32
HP70,2,0.7075471698113207,0.7394957983193278,0.7626811594202899,106,0.001,0.005,0.5,128,32
HP70,3,0.7264150943396226,0.768,0.772463768115942,106,0.001,0.005,0.5,128,32
HP70,4,0.6981132075471698,0.7142857142857143,0.7605072463768116,106,0.001,0.005,0.5,128,32
HP71,0,0.6915887850467289,0.7226890756302521,0.7230933713471134,107,0.001,0.005,0.5,128,64
HP71,1,0.7102803738317757,0.7596899224806202,0.7943692088382038,107,0.001,0.005,0.5,128,64
HP71,2,0.6981132075471698,0.7377049180327869,0.7659420289855072,106,0.001,0.005,0.5,128,64
HP71,3,0.7169811320754716,0.75,0.780072463768116,106,0.001,0.005,0.5,128,64
HP71,4,0.6886792452830188,0.6972477064220184,0.7721014492753623,106,0.001,0.005,0.5,128,64
HP72,0,0.6261682242990654,0.6610169491525424,0.6810406272273699,107,0.001,0.005,0.7,32,16
HP72,1,0.7289719626168224,0.7819548872180451,0.8004276550249465,107,0.001,0.005,0.7,32,16
HP72,2,0.6981132075471698,0.7333333333333333,0.7605072463768117,106,0.001,0.005,0.7,32,16
HP72,3,0.7547169811320755,0.796875,0.7608695652173912,106,0.001,0.005,0.7,32,16
HP72,4,0.6415094339622641,0.6666666666666666,0.7155797101449276,106,0.001,0.005,0.7,32,16
HP73,0,0.6728971962616822,0.7244094488188977,0.7223806129722024,107,0.001,0.005,0.7,32,32
HP73,1,0.6915887850467289,0.7518796992481203,0.7915181753385602,107,0.001,0.005,0.7,32,32
HP73,2,0.6981132075471698,0.7192982456140351,0.7945652173913044,106,0.001,0.005,0.7,32,32
HP73,3,0.7169811320754716,0.7580645161290323,0.7619565217391304,106,0.001,0.005,0.7,32,32
HP73,4,0.6320754716981132,0.6486486486486487,0.7235507246376811,106,0.001,0.005,0.7,32,32
HP74,0,0.6448598130841121,0.6885245901639344,0.7081254454739843,107,0.001,0.005,0.7,32,64
HP74,1,0.6728971962616822,0.7368421052631579,0.7772630078403421,107,0.001,0.005,0.7,32,64
HP74,2,0.7169811320754716,0.7413793103448276,0.7807971014492754,106,0.001,0.005,0.7,32,64
HP74,3,0.7547169811320755,0.796875,0.7804347826086957,106,0.001,0.005,0.7,32,64
HP74,4,0.6509433962264151,0.672566371681416,0.7221014492753624,106,0.001,0.005,0.7,32,64
HP75,0,0.6355140186915887,0.6776859504132231,0.7177476835352816,107,0.001,0.005,0.7,64,16
HP75,1,0.7289719626168224,0.7786259541984732,0.8093371347113328,107,0.001,0.005,0.7,64,16
HP75,2,0.7075471698113207,0.7304347826086957,0.7789855072463768,106,0.001,0.005,0.7,64,16
HP75,3,0.7452830188679245,0.7874015748031497,0.772463768115942,106,0.001,0.005,0.7,64,16
HP75,4,0.660377358490566,0.6842105263157895,0.7336956521739131,106,0.001,0.005,0.7,64,16
HP76,0,0.6448598130841121,0.6779661016949152,0.710263720598717,107,0.001,0.005,0.7,64,32
HP76,1,0.6915887850467289,0.7591240875912408,0.7957947255880257,107,0.001,0.005,0.7,64,32
HP76,2,0.7358490566037735,0.7627118644067796,0.7768115942028986,106,0.001,0.005,0.7,64,32
HP76,3,0.7641509433962265,0.8031496062992126,0.7804347826086957,106,0.001,0.005,0.7,64,32
HP76,4,0.6886792452830188,0.7079646017699115,0.7326086956521739,106,0.001,0.005,0.7,64,32
HP77,0,0.6542056074766355,0.6942148760330579,0.7088382038488952,107,0.001,0.005,0.7,64,64
HP77,1,0.7009345794392523,0.7575757575757576,0.7982893799002139,107,0.001,0.005,0.7,64,64
HP77,2,0.6886792452830188,0.7079646017699115,0.7963768115942029,106,0.001,0.005,0.7,64,64
HP77,3,0.7358490566037735,0.78125,0.7851449275362319,106,0.001,0.005,0.7,64,64
HP77,4,0.6509433962264151,0.6666666666666666,0.7376811594202899,106,0.001,0.005,0.7,64,64
HP78,0,0.6448598130841121,0.6833333333333333,0.7141838916607269,107,0.001,0.005,0.7,128,16
HP78,1,0.7009345794392523,0.7611940298507462,0.8022095509622238,107,0.001,0.005,0.7,128,16
HP78,2,0.7075471698113207,0.7350427350427351,0.7641304347826087,106,0.001,0.005,0.7,128,16
HP78,3,0.7264150943396226,0.7716535433070866,0.7710144927536232,106,0.001,0.005,0.7,128,16
HP78,4,0.6698113207547169,0.6846846846846847,0.7478260869565218,106,0.001,0.005,0.7,128,16
HP79,0,0.6635514018691588,0.7,0.7159657875980043,107,0.001,0.005,0.7,128,32
HP79,1,0.6915887850467289,0.7480916030534351,0.7957947255880257,107,0.001,0.005,0.7,128,32
HP79,2,0.6981132075471698,0.7333333333333333,0.7742753623188405,106,0.001,0.005,0.7,128,32
HP79,3,0.7830188679245284,0.816,0.7927536231884058,106,0.001,0.005,0.7,128,32
HP79,4,0.6886792452830188,0.7027027027027027,0.7420289855072464,106,0.001,0.005,0.7,128,32
HP80,0,0.6542056074766355,0.6942148760330579,0.714896650035638,107,0.001,0.005,0.7,128,64
HP80,1,0.6822429906542056,0.746268656716418,0.7982893799002138,107,0.001,0.005,0.7,128,64
HP80,2,0.6981132075471698,0.7288135593220338,0.7728260869565218,106,0.001,0.005,0.7,128,64
HP80,3,0.7452830188679245,0.7874015748031497,0.7768115942028986,106,0.001,0.005,0.7,128,64
HP80,4,0.6698113207547169,0.6846846846846847,0.7423913043478261,106,0.001,0.005,0.7,128,64
HP81,0,0.6448598130841121,0.6833333333333333,0.6903064861012117,107,0.0005,0.0001,0.2,32,16
HP81,1,0.7289719626168224,0.7751937984496124,0.7694226657163221,107,0.0005,0.0001,0.2,32,16
HP81,2,0.6981132075471698,0.7377049180327869,0.7590579710144928,106,0.0005,0.0001,0.2,32,16
HP81,3,0.7169811320754716,0.7457627118644068,0.7706521739130435,106,0.0005,0.0001,0.2,32,16
HP81,4,0.660377358490566,0.660377358490566,0.7768115942028985,106,0.0005,0.0001,0.2,32,16
HP82,0,0.6728971962616822,0.7107438016528925,0.702423378474697,107,0.0005,0.0001,0.2,32,32
HP82,1,0.7476635514018691,0.7938931297709924,0.7990021382751247,107,0.0005,0.0001,0.2,32,32
HP82,2,0.6886792452830188,0.7130434782608696,0.7710144927536231,106,0.0005,0.0001,0.2,32,32
HP82,3,0.7641509433962265,0.7933884297520661,0.7768115942028986,106,0.0005,0.0001,0.2,32,32
HP82,4,0.6792452830188679,0.6909090909090909,0.7521739130434784,106,0.0005,0.0001,0.2,32,32
HP83,0,0.6542056074766355,0.6942148760330579,0.7109764789736279,107,0.0005,0.0001,0.2,32,64
HP83,1,0.7102803738317757,0.7633587786259542,0.777975766215253,107,0.0005,0.0001,0.2,32,64
HP83,2,0.7358490566037735,0.7704918032786885,0.7833333333333333,106,0.0005,0.0001,0.2,32,64
HP83,3,0.7169811320754716,0.75,0.761231884057971,106,0.0005,0.0001,0.2,32,64
HP83,4,0.660377358490566,0.6727272727272727,0.736231884057971,106,0.0005,0.0001,0.2,32,64
HP84,0,0.6635514018691588,0.7049180327868853,0.7113328581610834,107,0.0005,0.0001,0.2,64,16
HP84,1,0.7102803738317757,0.7596899224806202,0.7826086956521738,107,0.0005,0.0001,0.2,64,16
HP84,2,0.7075471698113207,0.7394957983193278,0.7536231884057971,106,0.0005,0.0001,0.2,64,16
HP84,3,0.6981132075471698,0.7419354838709677,0.752536231884058,106,0.0005,0.0001,0.2,64,16
HP84,4,0.6415094339622641,0.6481481481481481,0.7594202898550725,106,0.0005,0.0001,0.2,64,16
HP85,0,0.6448598130841121,0.6833333333333333,0.7084818246614398,107,0.0005,0.0001,0.2,64,32
HP85,1,0.7102803738317757,0.7559055118110236,0.7804704205274411,107,0.0005,0.0001,0.2,64,32
HP85,2,0.6981132075471698,0.7241379310344828,0.7528985507246377,106,0.0005,0.0001,0.2,64,32
HP85,3,0.7358490566037735,0.7704918032786885,0.7702898550724638,106,0.0005,0.0001,0.2,64,32
HP85,4,0.6509433962264151,0.6542056074766355,0.7583333333333333,106,0.0005,0.0001,0.2,64,32
HP86,0,0.6635514018691588,0.7049180327868853,0.7091945830363506,107,0.0005,0.0001,0.2,64,64
HP86,1,0.719626168224299,0.7692307692307693,0.7865288667141839,107,0.0005,0.0001,0.2,64,64
HP86,2,0.6792452830188679,0.7301587301587301,0.7742753623188406,106,0.0005,0.0001,0.2,64,64
HP86,3,0.6981132075471698,0.7241379310344828,0.758695652173913,106,0.0005,0.0001,0.2,64,64
HP86,4,0.660377358490566,0.6666666666666666,0.7684782608695652,106,0.0005,0.0001,0.2,64,64
HP87,0,0.7009345794392523,0.7333333333333333,0.7213114754098361,107,0.0005,0.0001,0.2,128,16
HP87,1,0.6728971962616822,0.7368421052631579,0.7879543834640056,107,0.0005,0.0001,0.2,128,16
HP87,2,0.6792452830188679,0.7213114754098361,0.7532608695652173,106,0.0005,0.0001,0.2,128,16
HP87,3,0.6981132075471698,0.7333333333333333,0.7710144927536231,106,0.0005,0.0001,0.2,128,16
HP87,4,0.6415094339622641,0.6274509803921569,0.777536231884058,106,0.0005,0.0001,0.2,128,16
HP88,0,0.6822429906542056,0.7301587301587301,0.710263720598717,107,0.0005,0.0001,0.2,128,32
HP88,1,0.7383177570093458,0.7777777777777778,0.781895937277263,107,0.0005,0.0001,0.2,128,32
HP88,2,0.6981132075471698,0.7377049180327869,0.7568840579710145,106,0.0005,0.0001,0.2,128,32
HP88,3,0.7735849056603774,0.8064516129032258,0.7884057971014493,106,0.0005,0.0001,0.2,128,32
HP88,4,0.6792452830188679,0.6851851851851852,0.7757246376811594,106,0.0005,0.0001,0.2,128,32
HP89,0,0.6728971962616822,0.7154471544715447,0.7045616535994297,107,0.0005,0.0001,0.2,128,64
HP89,1,0.6915887850467289,0.7401574803149606,0.7690662865288668,107,0.0005,0.0001,0.2,128,64
HP89,2,0.6792452830188679,0.7258064516129032,0.7605072463768116,106,0.0005,0.0001,0.2,128,64
HP89,3,0.6981132075471698,0.7288135593220338,0.7670289855072463,106,0.0005,0.0001,0.2,128,64
HP89,4,0.6792452830188679,0.6851851851851852,0.7909420289855073,106,0.0005,0.0001,0.2,128,64
HP90,0,0.6728971962616822,0.7107438016528925,0.7106200997861725,107,0.0005,0.0001,0.5,32,16
HP90,1,0.6915887850467289,0.7555555555555555,0.7979330007127583,107,0.0005,0.0001,0.5,32,16
HP90,2,0.6981132075471698,0.7288135593220338,0.7989130434782609,106,0.0005,0.0001,0.5,32,16
HP90,3,0.7641509433962265,0.8,0.7728260869565218,106,0.0005,0.0001,0.5,32,16
HP90,4,0.6132075471698113,0.6434782608695652,0.6989130434782609,106,0.0005,0.0001,0.5,32,16
HP91,0,0.6635514018691588,0.7,0.7066999287241624,107,0.0005,0.0001,0.5,32,32
HP91,1,0.7102803738317757,0.7669172932330827,0.8086243763364219,107,0.0005,0.0001,0.5,32,32
HP91,2,0.6886792452830188,0.7226890756302521,0.7706521739130435,106,0.0005,0.0001,0.5,32,32
HP91,3,0.7452830188679245,0.7906976744186046,0.7768115942028986,106,0.0005,0.0001,0.5,32,32
HP91,4,0.660377358490566,0.6785714285714286,0.7159420289855073,106,0.0005,0.0001,0.5,32,32
HP92,0,0.616822429906542,0.6611570247933884,0.6995723449750535,107,0.0005,0.0001,0.5,32,64
HP92,1,0.6728971962616822,0.7407407407407407,0.7783321454027085,107,0.0005,0.0001,0.5,32,64
HP92,2,0.7264150943396226,0.7478260869565218,0.7934782608695652,106,0.0005,0.0001,0.5,32,64
HP92,3,0.6886792452830188,0.717948717948718,0.763768115942029,106,0.0005,0.0001,0.5,32,64
HP92,4,0.660377358490566,0.6727272727272727,0.7293478260869565,106,0.0005,0.0001,0.5,32,64
HP93,0,0.6635514018691588,0.7049180327868853,0.7163221667854597,107,0.0005,0.0001,0.5,64,16
HP93,1,0.6915887850467289,0.7518796992481203,0.7954383464005702,107,0.0005,0.0001,0.5,64,16
HP93,2,0.6981132075471698,0.7333333333333333,0.7760869565217391,106,0.0005,0.0001,0.5,64,16
HP93,3,0.7169811320754716,0.7540983606557377,0.768840579710145,106,0.0005,0.0001,0.5,64,16
HP93,4,0.6509433962264151,0.6605504587155964,0.7474637681159421,106,0.0005,0.0001,0.5,64,16
HP94,0,0.6448598130841121,0.6779661016949152,0.7081254454739843,107,0.0005,0.0001,0.5,64,32
HP94,1,0.7009345794392523,0.7575757575757576,0.7979330007127584,107,0.0005,0.0001,0.5,64,32
HP94,2,0.6981132075471698,0.7241379310344828,0.792391304347826,106,0.0005,0.0001,0.5,64,32
HP94,3,0.7358490566037735,0.7741935483870968,0.782608695652174,106,0.0005,0.0001,0.5,64,32
HP94,4,0.6698113207547169,0.6846846846846847,0.742391304347826,106,0.0005,0.0001,0.5,64,32
HP95,0,0.6635514018691588,0.7142857142857143,0.703136136849608,107,0.0005,0.0001,0.5,64,64
HP95,1,0.7102803738317757,0.7559055118110236,0.7911617961511048,107,0.0005,0.0001,0.5,64,64
HP95,2,0.7264150943396226,0.7603305785123967,0.7721014492753623,106,0.0005,0.0001,0.5,64,64
HP95,3,0.7452830188679245,0.7804878048780488,0.7666666666666666,106,0.0005,0.0001,0.5,64,64
HP95,4,0.6415094339622641,0.6545454545454545,0.7369565217391304,106,0.0005,0.0001,0.5,64,64
HP96,0,0.6542056074766355,0.6890756302521008,0.7013542409123307,107,0.0005,0.0001,0.5,128,16
HP96,1,0.7009345794392523,0.75,0.7900926585887385,107,0.0005,0.0001,0.5,128,16
HP96,2,0.6886792452830188,0.7317073170731707,0.7670289855072464,106,0.0005,0.0001,0.5,128,16
HP96,3,0.7075471698113207,0.7394957983193278,0.7677536231884058,106,0.0005,0.0001,0.5,128,16
HP96,4,0.6415094339622641,0.6545454545454545,0.7192028985507246,106,0.0005,0.0001,0.5,128,16
HP97,0,0.6542056074766355,0.6942148760330579,0.7020669992872416,107,0.0005,0.0001,0.5,128,32
HP97,1,0.6822429906542056,0.746268656716418,0.8054169636493229,107,0.0005,0.0001,0.5,128,32
HP97,2,0.6981132075471698,0.7333333333333333,0.7605072463768116,106,0.0005,0.0001,0.5,128,32
HP97,3,0.7169811320754716,0.7580645161290323,0.7695652173913045,106,0.0005,0.0001,0.5,128,32
HP97,4,0.6509433962264151,0.6605504587155964,0.7471014492753623,106,0.0005,0.0001,0.5,128,32
HP98,0,0.6542056074766355,0.6942148760330579,0.707056307911618,107,0.0005,0.0001,0.5,128,64
HP98,1,0.7009345794392523,0.7575757575757576,0.7922309337134711,107,0.0005,0.0001,0.5,128,64
HP98,2,0.6792452830188679,0.7166666666666667,0.763768115942029,106,0.0005,0.0001,0.5,128,64
HP98,3,0.6886792452830188,0.7317073170731707,0.7677536231884058,106,0.0005,0.0001,0.5,128,64
HP98,4,0.6792452830188679,0.6909090909090909,0.7623188405797101,106,0.0005,0.0001,0.5,128,64
HP99,0,0.6635514018691588,0.6896551724137931,0.7049180327868853,107,0.0005,0.0001,0.7,32,16
HP99,1,0.6822429906542056,0.734375,0.792943692088382,107,0.0005,0.0001,0.7,32,16
HP99,2,0.7264150943396226,0.7786259541984732,0.7971014492753624,106,0.0005,0.0001,0.7,32,16
HP99,3,0.7358490566037735,0.7586206896551724,0.7666666666666666,106,0.0005,0.0001,0.7,32,16
HP99,4,0.6415094339622641,0.6607142857142857,0.7148550724637681,106,0.0005,0.0001,0.7,32,16
HP100,0,0.6355140186915887,0.6776859504132231,0.7070563079116179,107,0.0005,0.0001,0.7,32,32
HP100,1,0.6822429906542056,0.7424242424242424,0.7847469707769066,107,0.0005,0.0001,0.7,32,32
HP100,2,0.6886792452830188,0.7226890756302521,0.7891304347826086,106,0.0005,0.0001,0.7,32,32
HP100,3,0.7264150943396226,0.768,0.7423913043478261,106,0.0005,0.0001,0.7,32,32
HP100,4,0.660377358490566,0.6896551724137931,0.7228260869565216,106,0.0005,0.0001,0.7,32,32
HP101,0,0.6355140186915887,0.6829268292682927,0.714896650035638,107,0.0005,0.0001,0.7,32,64
HP101,1,0.7289719626168224,0.7819548872180451,0.8004276550249466,107,0.0005,0.0001,0.7,32,64
HP101,2,0.6981132075471698,0.7377049180327869,0.7778985507246376,106,0.0005,0.0001,0.7,32,64
HP101,3,0.7264150943396226,0.768,0.7619565217391304,106,0.0005,0.0001,0.7,32,64
HP101,4,0.6509433962264151,0.6666666666666666,0.7206521739130435,106,0.0005,0.0001,0.7,32,64
HP102,0,0.6728971962616822,0.7244094488188977,0.7223806129722024,107,0.0005,0.0001,0.7,64,16
HP102,1,0.7102803738317757,0.7633587786259542,0.7925873129009265,107,0.0005,0.0001,0.7,64,16
HP102,2,0.7264150943396226,0.7238095238095238,0.8094202898550724,106,0.0005,0.0001,0.7,64,16
HP102,3,0.7452830188679245,0.7906976744186046,0.7702898550724637,106,0.0005,0.0001,0.7,64,16
HP102,4,0.6320754716981132,0.6422018348623854,0.7210144927536232,106,0.0005,0.0001,0.7,64,16
HP103,0,0.6355140186915887,0.6829268292682927,0.7134711332858161,107,0.0005,0.0001,0.7,64,32
HP103,1,0.6822429906542056,0.75,0.7797576621525303,107,0.0005,0.0001,0.7,64,32
HP103,2,0.6792452830188679,0.711864406779661,0.7789855072463767,106,0.0005,0.0001,0.7,64,32
HP103,3,0.7169811320754716,0.7580645161290323,0.7572463768115941,106,0.0005,0.0001,0.7,64,32
HP103,4,0.6698113207547169,0.7107438016528925,0.7249999999999999,106,0.0005,0.0001,0.7,64,32
HP104,0,0.6355140186915887,0.6722689075630253,0.7017106200997862,107,0.0005,0.0001,0.7,64,64
HP104,1,0.7009345794392523,0.7647058823529411,0.8057733428367783,107,0.0005,0.0001,0.7,64,64
HP104,2,0.7169811320754716,0.75,0.788768115942029,106,0.0005,0.0001,0.7,64,64
HP104,3,0.7547169811320755,0.7903225806451613,0.7731884057971014,106,0.0005,0.0001,0.7,64,64
HP104,4,0.660377358490566,0.6666666666666666,0.7452898550724638,106,0.0005,0.0001,0.7,64,64
HP105,0,0.6542056074766355,0.7131782945736435,0.7077690662865288,107,0.0005,0.0001,0.7,128,16
HP105,1,0.6915887850467289,0.7555555555555555,0.8025659301496793,107,0.0005,0.0001,0.7,128,16
HP105,2,0.7169811320754716,0.75,0.8021739130434783,106,0.0005,0.0001,0.7,128,16
HP105,3,0.7358490566037735,0.7878787878787878,0.769927536231884,106,0.0005,0.0001,0.7,128,16
HP105,4,0.660377358490566,0.6727272727272727,0.717391304347826,106,0.0005,0.0001,0.7,128,16
HP106,0,0.6355140186915887,0.6722689075630253,0.7077690662865288,107,0.0005,0.0001,0.7,128,32
HP106,1,0.7009345794392523,0.7575757575757576,0.7915181753385602,107,0.0005,0.0001,0.7,128,32
HP106,2,0.7358490566037735,0.7586206896551724,0.8134057971014492,106,0.0005,0.0001,0.7,128,32
HP106,3,0.7264150943396226,0.7521367521367521,0.7855072463768117,106,0.0005,0.0001,0.7,128,32
HP106,4,0.6415094339622641,0.6607142857142857,0.7123188405797101,106,0.0005,0.0001,0.7,128,32
HP107,0,0.6448598130841121,0.6833333333333333,0.7024233784746972,107,0.0005,0.0001,0.7,128,64
HP107,1,0.6635514018691588,0.7352941176470589,0.7940128296507483,107,0.0005,0.0001,0.7,128,64
HP107,2,0.6981132075471698,0.7377049180327869,0.7833333333333333,106,0.0005,0.0001,0.7,128,64
HP107,3,0.7169811320754716,0.7457627118644068,0.7797101449275361,106,0.0005,0.0001,0.7,128,64
HP107,4,0.6509433962264151,0.6605504587155964,0.7402173913043478,106,0.0005,0.0001,0.7,128,64
HP108,0,0.6822429906542056,0.7213114754098361,0.7116892373485388,107,0.0005,0.001,0.2,32,16
HP108,1,0.7009345794392523,0.7575757575757576,0.7886671418389166,107,0.0005,0.001,0.2,32,16
HP108,2,0.7075471698113207,0.7394957983193278,0.7865942028985506,106,0.0005,0.001,0.2,32,16
HP108,3,0.7358490566037735,0.7704918032786885,0.7902173913043479,106,0.0005,0.001,0.2,32,16
HP108,4,0.6698113207547169,0.6788990825688074,0.7427536231884058,106,0.0005,0.001,0.2,32,16
HP109,0,0.6728971962616822,0.7154471544715447,0.703136136849608,107,0.0005,0.001,0.2,32,32
HP109,1,0.6728971962616822,0.7445255474452555,0.7790449037776194,107,0.0005,0.001,0.2,32,32
HP109,2,0.7264150943396226,0.7478260869565218,0.7579710144927537,106,0.0005,0.001,0.2,32,32
HP109,3,0.7075471698113207,0.743801652892562,0.7608695652173915,106,0.0005,0.001,0.2,32,32
HP109,4,0.6981132075471698,0.7090909090909091,0.7851449275362319,106,0.0005,0.001,0.2,32,32
HP110,0,0.6355140186915887,0.6829268292682927,0.7052744119743406,107,0.0005,0.001,0.2,32,64
HP110,1,0.7009345794392523,0.7575757575757576,0.7933000712758375,107,0.0005,0.001,0.2,32,64
HP110,2,0.6981132075471698,0.7377049180327869,0.7673913043478261,106,0.0005,0.001,0.2,32,64
HP110,3,0.6792452830188679,0.711864406779661,0.7503623188405797,106,0.0005,0.001,0.2,32,64
HP110,4,0.6792452830188679,0.6909090909090909,0.764855072463768,106,0.0005,0.001,0.2,32,64
HP111,0,0.6448598130841121,0.6885245901639344,0.714183891660727,107,0.0005,0.001,0.2,64,16
HP111,1,0.6915887850467289,0.7480916030534351,0.789736279401283,107,0.0005,0.001,0.2,64,16
HP111,2,0.7075471698113207,0.7350427350427351,0.7695652173913043,106,0.0005,0.001,0.2,64,16
HP111,3,0.7358490566037735,0.7666666666666667,0.7753623188405798,106,0.0005,0.001,0.2,64,16
HP111,4,0.6509433962264151,0.6542056074766355,0.7445652173913044,106,0.0005,0.001,0.2,64,16
HP112,0,0.6728971962616822,0.7154471544715447,0.7177476835352815,107,0.0005,0.001,0.2,64,32
HP112,1,0.6915887850467289,0.7441860465116279,0.7736992159657876,107,0.0005,0.001,0.2,64,32
HP112,2,0.6415094339622641,0.703125,0.7380434782608695,106,0.0005,0.001,0.2,64,32
HP112,3,0.7735849056603774,0.8095238095238095,0.7833333333333333,106,0.0005,0.001,0.2,64,32
HP112,4,0.660377358490566,0.660377358490566,0.7706521739130435,106,0.0005,0.001,0.2,64,32
HP113,0,0.6635514018691588,0.7,0.7102637205987169,107,0.0005,0.001,0.2,64,64
HP113,1,0.6915887850467289,0.7480916030534351,0.7726300784034212,107,0.0005,0.001,0.2,64,64
HP113,2,0.7075471698113207,0.752,0.7818840579710145,106,0.0005,0.001,0.2,64,64
HP113,3,0.7075471698113207,0.7394957983193278,0.7532608695652174,106,0.0005,0.001,0.2,64,64
HP113,4,0.6886792452830188,0.6915887850467289,0.7869565217391304,106,0.0005,0.001,0.2,64,64
HP114,0,0.6542056074766355,0.6890756302521008,0.707056307911618,107,0.0005,0.001,0.2,128,16
HP114,1,0.7383177570093458,0.7741935483870968,0.8096935138987883,107,0.0005,0.001,0.2,128,16
HP114,2,0.6698113207547169,0.7008547008547008,0.7572463768115941,106,0.0005,0.001,0.2,128,16
HP114,3,0.7264150943396226,0.7603305785123967,0.7833333333333333,106,0.0005,0.001,0.2,128,16
HP114,4,0.6981132075471698,0.7090909090909091,0.7684782608695653,106,0.0005,0.001,0.2,128,16
HP115,0,0.6635514018691588,0.7,0.710263720598717,107,0.0005,0.001,0.2,128,32
HP115,1,0.7102803738317757,0.7559055118110236,0.7879543834640057,107,0.0005,0.001,0.2,128,32
HP115,2,0.6886792452830188,0.7441860465116279,0.7456521739130435,106,0.0005,0.001,0.2,128,32
HP115,3,0.7358490566037735,0.7704918032786885,0.7626811594202899,106,0.0005,0.001,0.2,128,32
HP115,4,0.7075471698113207,0.7155963302752294,0.7927536231884057,106,0.0005,0.001,0.2,128,32
HP116,0,0.6822429906542056,0.7213114754098361,0.7191732002851033,107,0.0005,0.001,0.2,128,64
HP116,1,0.7102803738317757,0.7394957983193278,0.7851033499643619,107,0.0005,0.001,0.2,128,64
HP116,2,0.6698113207547169,0.7244094488188977,0.7503623188405797,106,0.0005,0.001,0.2,128,64
HP116,3,0.7547169811320755,0.7868852459016393,0.769927536231884,106,0.0005,0.001,0.2,128,64
HP116,4,0.6792452830188679,0.6730769230769231,0.7862318840579711,106,0.0005,0.001,0.2,128,64
HP117,0,0.6074766355140186,0.65,0.6992159657875979,107,0.0005,0.001,0.5,32,16
HP117,1,0.7102803738317757,0.7669172932330827,0.800071275837491,107,0.0005,0.001,0.5,32,16
HP117,2,0.6792452830188679,0.711864406779661,0.7876811594202898,106,0.0005,0.001,0.5,32,16
HP117,3,0.7358490566037735,0.7846153846153846,0.7655797101449276,106,0.0005,0.001,0.5,32,16
HP117,4,0.6226415094339622,0.6551724137931034,0.7108695652173913,106,0.0005,0.001,0.5,32,16
HP118,0,0.6261682242990654,0.6666666666666666,0.7034925160370634,107,0.0005,0.001,0.5,32,32
HP118,1,0.6915887850467289,0.7518796992481203,0.7765502494654312,107,0.0005,0.001,0.5,32,32
HP118,2,0.7075471698113207,0.7479674796747967,0.7945652173913044,106,0.0005,0.001,0.5,32,32
HP118,3,0.7264150943396226,0.7642276422764228,0.775,106,0.0005,0.001,0.5,32,32
HP118,4,0.6509433962264151,0.6605504587155964,0.7304347826086957,106,0.0005,0.001,0.5,32,32
HP119,0,0.6542056074766355,0.6991869918699187,0.7074126870990735,107,0.0005,0.001,0.5,32,64
HP119,1,0.6915887850467289,0.7441860465116279,0.7961511047754811,107,0.0005,0.001,0.5,32,64
HP119,2,0.6698113207547169,0.7286821705426356,0.7554347826086956,106,0.0005,0.001,0.5,32,64
HP119,3,0.7452830188679245,0.7804878048780488,0.7876811594202899,106,0.0005,0.001,0.5,32,64
HP119,4,0.660377358490566,0.6727272727272727,0.7445652173913044,106,0.0005,0.001,0.5,32,64
HP120,0,0.6542056074766355,0.6837606837606838,0.703136136849608,107,0.0005,0.001,0.5,64,16
HP120,1,0.719626168224299,0.7727272727272727,0.7922309337134712,107,0.0005,0.001,0.5,64,16
HP120,2,0.6886792452830188,0.7130434782608696,0.8028985507246377,106,0.0005,0.001,0.5,64,16
HP120,3,0.7452830188679245,0.7874015748031497,0.7855072463768116,106,0.0005,0.001,0.5,64,16
HP120,4,0.660377358490566,0.6727272727272727,0.7304347826086957,106,0.0005,0.001,0.5,64,16
HP121,0,0.6448598130841121,0.6935483870967742,0.7077690662865288,107,0.0005,0.001,0.5,64,32
HP121,1,0.7009345794392523,0.7575757575757576,0.7961511047754811,107,0.0005,0.001,0.5,64,32
HP121,2,0.6981132075471698,0.7241379310344828,0.7797101449275362,106,0.0005,0.001,0.5,64,32
HP121,3,0.7358490566037735,0.7741935483870968,0.778623188405797,106,0.0005,0.001,0.5,64,32
HP121,4,0.660377358490566,0.6727272727272727,0.7297101449275363,106,0.0005,0.001,0.5,64,32
HP122,0,0.6448598130841121,0.6833333333333333,0.6935138987883108,107,0.0005,0.001,0.5,64,64
HP122,1,0.7009345794392523,0.7611940298507462,0.7925873129009265,107,0.0005,0.001,0.5,64,64
HP122,2,0.660377358490566,0.6949152542372882,0.7518115942028986,106,0.0005,0.001,0.5,64,64
HP122,3,0.7075471698113207,0.7394957983193278,0.7836956521739129,106,0.0005,0.001,0.5,64,64
HP122,4,0.6509433962264151,0.6542056074766355,0.7344202898550725,106,0.0005,0.001,0.5,64,64
HP123,0,0.6542056074766355,0.6942148760330579,0.7100855310049894,107,0.0005,0.001,0.5,128,16
HP123,1,0.6915887850467289,0.7518796992481203,0.7961511047754811,107,0.0005,0.001,0.5,128,16
HP123,2,0.7075471698113207,0.7350427350427351,0.7663043478260869,106,0.0005,0.001,0.5,128,16
HP123,3,0.7547169811320755,0.8,0.7815217391304348,106,0.0005,0.001,0.5,128,16
HP123,4,0.6698113207547169,0.6728971962616822,0.7626811594202898,106,0.0005,0.001,0.5,128,16
HP124,0,0.6448598130841121,0.6833333333333333,0.7095509622238062,107,0.0005,0.001,0.5,128,32
HP124,1,0.7009345794392523,0.7575757575757576,0.7893799002138275,107,0.0005,0.001,0.5,128,32
HP124,2,0.6981132075471698,0.7419354838709677,0.7634057971014493,106,0.0005,0.001,0.5,128,32
HP124,3,0.7547169811320755,0.7903225806451613,0.7807971014492754,106,0.0005,0.001,0.5,128,32
HP124,4,0.660377358490566,0.6666666666666666,0.7474637681159421,106,0.0005,0.001,0.5,128,32
HP125,0,0.6822429906542056,0.7258064516129032,0.703136136849608,107,0.0005,0.001,0.5,128,64
HP125,1,0.6915887850467289,0.7518796992481203,0.8054169636493229,107,0.0005,0.001,0.5,128,64
HP125,2,0.6886792452830188,0.7317073170731707,0.7550724637681159,106,0.0005,0.001,0.5,128,64
HP125,3,0.7264150943396226,0.7563025210084033,0.7789855072463767,106,0.0005,0.001,0.5,128,64
HP125,4,0.6792452830188679,0.6851851851851852,0.7637681159420291,106,0.0005,0.001,0.5,128,64
HP126,0,0.6915887850467289,0.7317073170731707,0.7245188880969351,107,0.0005,0.001,0.7,32,16
HP126,1,0.7289719626168224,0.7716535433070866,0.8011404133998574,107,0.0005,0.001,0.7,32,16
HP126,2,0.6698113207547169,0.7107438016528925,0.7967391304347826,106,0.0005,0.001,0.7,32,16
HP126,3,0.7452830188679245,0.7938931297709924,0.7547101449275362,106,0.0005,0.001,0.7,32,16
HP126,4,0.6226415094339622,0.6363636363636364,0.722463768115942,106,0.0005,0.001,0.7,32,16
HP127,0,0.6448598130841121,0.6935483870967742,0.7131147540983607,107,0.0005,0.001,0.7,32,32
HP127,1,0.6822429906542056,0.746268656716418,0.782608695652174,107,0.0005,0.001,0.7,32,32
HP127,2,0.6792452830188679,0.711864406779661,0.786231884057971,106,0.0005,0.001,0.7,32,32
HP127,3,0.7452830188679245,0.7874015748031497,0.7539855072463768,106,0.0005,0.001,0.7,32,32
HP127,4,0.6320754716981132,0.6486486486486487,0.7199275362318841,106,0.0005,0.001,0.7,32,32
HP128,0,0.6355140186915887,0.6829268292682927,0.7052744119743407,107,0.0005,0.001,0.7,32,64
HP128,1,0.7289719626168224,0.7642276422764228,0.7950819672131146,107,0.0005,0.001,0.7,32,64
HP128,2,0.7358490566037735,0.7586206896551724,0.8,106,0.0005,0.001,0.7,32,64
HP128,3,0.7452830188679245,0.784,0.7496376811594203,106,0.0005,0.001,0.7,32,64
HP128,4,0.6509433962264151,0.6605504587155964,0.7115942028985507,106,0.0005,0.001,0.7,32,64
HP129,0,0.5981308411214953,0.6324786324786325,0.6956521739130433,107,0.0005,0.001,0.7,64,16
HP129,1,0.7102803738317757,0.7596899224806202,0.7804704205274411,107,0.0005,0.001,0.7,64,16
HP129,2,0.7547169811320755,0.7796610169491526,0.8021739130434783,106,0.0005,0.001,0.7,64,16
HP129,3,0.7641509433962265,0.8,0.7652173913043478,106,0.0005,0.001,0.7,64,16
HP129,4,0.6509433962264151,0.6666666666666666,0.7402173913043477,106,0.0005,0.001,0.7,64,16
HP130,0,0.6448598130841121,0.6885245901639344,0.6906628652886672,107,0.0005,0.001,0.7,64,32
HP130,1,0.7289719626168224,0.7786259541984732,0.800071275837491,107,0.0005,0.001,0.7,64,32
HP130,2,0.6698113207547169,0.7008547008547008,0.7793478260869565,106,0.0005,0.001,0.7,64,32
HP130,3,0.7452830188679245,0.784,0.766304347826087,106,0.0005,0.001,0.7,64,32
HP130,4,0.660377358490566,0.6949152542372882,0.7257246376811595,106,0.0005,0.001,0.7,64,32
HP131,0,0.6448598130841121,0.6833333333333333,0.7052744119743406,107,0.0005,0.001,0.7,64,64
HP131,1,0.7289719626168224,0.7786259541984732,0.7957947255880257,107,0.0005,0.001,0.7,64,64
HP131,2,0.6886792452830188,0.7272727272727273,0.8054347826086957,106,0.0005,0.001,0.7,64,64
HP131,3,0.7075471698113207,0.743801652892562,0.7710144927536231,106,0.0005,0.001,0.7,64,64
HP131,4,0.660377358490566,0.6785714285714286,0.7289855072463768,106,0.0005,0.001,0.7,64,64
HP132,0,0.6542056074766355,0.6942148760330579,0.7056307911617962,107,0.0005,0.001,0.7,128,16
HP132,1,0.7009345794392523,0.7611940298507462,0.789023521026372,107,0.0005,0.001,0.7,128,16
HP132,2,0.7075471698113207,0.7596899224806202,0.782608695652174,106,0.0005,0.001,0.7,128,16
HP132,3,0.7358490566037735,0.7741935483870968,0.7702898550724637,106,0.0005,0.001,0.7,128,16
HP132,4,0.6698113207547169,0.6902654867256637,0.7431159420289856,106,0.0005,0.001,0.7,128,16
HP133,0,0.6542056074766355,0.6991869918699187,0.7013542409123307,107,0.0005,0.001,0.7,128,32
HP133,1,0.6728971962616822,0.7407407407407407,0.800784034212402,107,0.0005,0.001,0.7,128,32
HP133,2,0.7075471698113207,0.7304347826086957,0.8047101449275362,106,0.0005,0.001,0.7,128,32
HP133,3,0.7264150943396226,0.768,0.7775362318840581,106,0.0005,0.001,0.7,128,32
HP133,4,0.6415094339622641,0.6481481481481481,0.721376811594203,106,0.0005,0.001,0.7,128,32
HP134,0,0.6542056074766355,0.6942148760330579,0.7095509622238061,107,0.0005,0.001,0.7,128,64
HP134,1,0.7009345794392523,0.7575757575757576,0.7943692088382038,107,0.0005,0.001,0.7,128,64
HP134,2,0.6886792452830188,0.7226890756302521,0.7934782608695652,106,0.0005,0.001,0.7,128,64
HP134,3,0.7358490566037735,0.7666666666666667,0.7851449275362319,106,0.0005,0.001,0.7,128,64
HP134,4,0.660377358490566,0.6727272727272727,0.7463768115942029,106,0.0005,0.001,0.7,128,64
HP135,0,0.6542056074766355,0.6942148760330579,0.7163221667854597,107,0.0005,0.005,0.2,32,16
HP135,1,0.7009345794392523,0.7575757575757576,0.7940128296507484,107,0.0005,0.005,0.2,32,16
HP135,2,0.7075471698113207,0.743801652892562,0.7749999999999999,106,0.0005,0.005,0.2,32,16
HP135,3,0.7264150943396226,0.7642276422764228,0.7855072463768116,106,0.0005,0.005,0.2,32,16
HP135,4,0.6792452830188679,0.6909090909090909,0.7797101449275363,106,0.0005,0.005,0.2,32,16
HP136,0,0.6728971962616822,0.7107438016528925,0.7216678545972915,107,0.0005,0.005,0.2,32,32
HP136,1,0.7289719626168224,0.7751937984496124,0.796151104775481,107,0.0005,0.005,0.2,32,32
HP136,2,0.7075471698113207,0.7350427350427351,0.7670289855072463,106,0.0005,0.005,0.2,32,32
HP136,3,0.7264150943396226,0.768,0.7840579710144928,106,0.0005,0.005,0.2,32,32
HP136,4,0.6981132075471698,0.7142857142857143,0.7557971014492755,106,0.0005,0.005,0.2,32,32
HP137,0,0.6448598130841121,0.6885245901639344,0.7127583749109052,107,0.0005,0.005,0.2,32,64
HP137,1,0.7383177570093458,0.7777777777777778,0.7915181753385602,107,0.0005,0.005,0.2,32,64
HP137,2,0.7075471698113207,0.7350427350427351,0.7757246376811594,106,0.0005,0.005,0.2,32,64
HP137,3,0.7547169811320755,0.7868852459016393,0.7778985507246376,106,0.0005,0.005,0.2,32,64
HP137,4,0.6792452830188679,0.6851851851851852,0.7467391304347826,106,0.0005,0.005,0.2,32,64
HP138,0,0.6542056074766355,0.6890756302521008,0.7141838916607269,107,0.0005,0.005,0.2,64,16
HP138,1,0.6728971962616822,0.7286821705426356,0.7908054169636494,107,0.0005,0.005,0.2,64,16
HP138,2,0.7264150943396226,0.7521367521367521,0.7768115942028985,106,0.0005,0.005,0.2,64,16
HP138,3,0.7169811320754716,0.7457627118644068,0.778623188405797,106,0.0005,0.005,0.2,64,16
HP138,4,0.660377358490566,0.6666666666666666,0.7543478260869565,106,0.0005,0.005,0.2,64,16
HP139,0,0.6728971962616822,0.7107438016528925,0.7131147540983606,107,0.0005,0.005,0.2,64,32
HP139,1,0.6448598130841121,0.7205882352941176,0.7836778332145402,107,0.0005,0.005,0.2,64,32
HP139,2,0.7264150943396226,0.7521367521367521,0.771376811594203,106,0.0005,0.005,0.2,64,32
HP139,3,0.7452830188679245,0.7768595041322314,0.7789855072463767,106,0.0005,0.005,0.2,64,32
HP139,4,0.6792452830188679,0.6792452830188679,0.7855072463768117,106,0.0005,0.005,0.2,64,32
HP140,0,0.6728971962616822,0.7107438016528925,0.7109764789736279,107,0.0005,0.005,0.2,64,64
HP140,1,0.719626168224299,0.765625,0.7950819672131147,107,0.0005,0.005,0.2,64,64
HP140,2,0.660377358490566,0.7049180327868853,0.7684782608695652,106,0.0005,0.005,0.2,64,64
HP140,3,0.7358490566037735,0.7741935483870968,0.7710144927536232,106,0.0005,0.005,0.2,64,64
HP140,4,0.6886792452830188,0.6915887850467289,0.7706521739130435,106,0.0005,0.005,0.2,64,64
HP141,0,0.6635514018691588,0.7,0.7177476835352815,107,0.0005,0.005,0.2,128,16
HP141,1,0.719626168224299,0.7619047619047619,0.7886671418389166,107,0.0005,0.005,0.2,128,16
HP141,2,0.6698113207547169,0.7154471544715447,0.7565217391304347,106,0.0005,0.005,0.2,128,16
HP141,3,0.7264150943396226,0.7603305785123967,0.7695652173913043,106,0.0005,0.005,0.2,128,16
HP141,4,0.6698113207547169,0.6728971962616822,0.7818840579710145,106,0.0005,0.005,0.2,128,16
HP142,0,0.7009345794392523,0.7377049180327869,0.718104062722737,107,0.0005,0.005,0.2,128,32
HP142,1,0.7102803738317757,0.7559055118110236,0.7893799002138274,107,0.0005,0.005,0.2,128,32
HP142,2,0.6981132075471698,0.7377049180327869,0.7757246376811594,106,0.0005,0.005,0.2,128,32
HP142,3,0.7547169811320755,0.7868852459016393,0.7797101449275363,106,0.0005,0.005,0.2,128,32
HP142,4,0.7075471698113207,0.7102803738317757,0.7862318840579711,106,0.0005,0.005,0.2,128,32
HP143,0,0.6635514018691588,0.7,0.7074126870990733,107,0.0005,0.005,0.2,128,64
HP143,1,0.7102803738317757,0.7559055118110236,0.7993585174625801,107,0.0005,0.005,0.2,128,64
HP143,2,0.6509433962264151,0.6942148760330579,0.7789855072463768,106,0.0005,0.005,0.2,128,64
HP143,3,0.7452830188679245,0.7692307692307693,0.775,106,0.0005,0.005,0.2,128,64
HP143,4,0.6886792452830188,0.6972477064220184,0.7735507246376812,106,0.0005,0.005,0.2,128,64
HP144,0,0.6261682242990654,0.6721311475409836,0.7024233784746969,107,0.0005,0.005,0.5,32,16
HP144,1,0.7289719626168224,0.7819548872180451,0.7947255880256593,107,0.0005,0.005,0.5,32,16
HP144,2,0.7075471698113207,0.7304347826086957,0.7793478260869566,106,0.0005,0.005,0.5,32,16
HP144,3,0.7735849056603774,0.8095238095238095,0.7811594202898551,106,0.0005,0.005,0.5,32,16
HP144,4,0.6415094339622641,0.6607142857142857,0.7079710144927537,106,0.0005,0.005,0.5,32,16
HP145,0,0.6542056074766355,0.6991869918699187,0.7209550962223806,107,0.0005,0.005,0.5,32,32
HP145,1,0.7289719626168224,0.7786259541984732,0.7965074839629365,107,0.0005,0.005,0.5,32,32
HP145,2,0.7452830188679245,0.7692307692307693,0.7833333333333333,106,0.0005,0.005,0.5,32,32
HP145,3,0.7735849056603774,0.8032786885245902,0.7782608695652175,106,0.0005,0.005,0.5,32,32
HP145,4,0.6698113207547169,0.6902654867256637,0.7322463768115942,106,0.0005,0.005,0.5,32,32
HP146,0,0.6542056074766355,0.6890756302521008,0.710263720598717,107,0.0005,0.005,0.5,32,64
HP146,1,0.7102803738317757,0.7633587786259542,0.8054169636493229,107,0.0005,0.005,0.5,32,64
HP146,2,0.7264150943396226,0.7563025210084033,0.7713768115942028,106,0.0005,0.005,0.5,32,64
HP146,3,0.7358490566037735,0.7741935483870968,0.773913043478261,106,0.0005,0.005,0.5,32,64
HP146,4,0.660377358490566,0.6727272727272727,0.7307971014492753,106,0.0005,0.005,0.5,32,64
HP147,0,0.6355140186915887,0.6776859504132231,0.7034925160370635,107,0.0005,0.005,0.5,64,16
HP147,1,0.7102803738317757,0.7669172932330827,0.7925873129009265,107,0.0005,0.005,0.5,64,16
HP147,2,0.6981132075471698,0.7288135593220338,0.7605072463768116,106,0.0005,0.005,0.5,64,16
HP147,3,0.7358490566037735,0.7777777777777778,0.7717391304347826,106,0.0005,0.005,0.5,64,16
HP147,4,0.6415094339622641,0.6545454545454545,0.7492753623188406,106,0.0005,0.005,0.5,64,16
HP148,0,0.6355140186915887,0.6776859504132231,0.7156094084105489,107,0.0005,0.005,0.5,64,32
HP148,1,0.6915887850467289,0.7480916030534351,0.7879543834640057,107,0.0005,0.005,0.5,64,32
HP148,2,0.6981132075471698,0.7333333333333333,0.7615942028985507,106,0.0005,0.005,0.5,64,32
HP148,3,0.7358490566037735,0.78125,0.7873188405797101,106,0.0005,0.005,0.5,64,32
HP148,4,0.6886792452830188,0.6972477064220184,0.7543478260869565,106,0.0005,0.005,0.5,64,32
HP149,0,0.6542056074766355,0.6991869918699187,0.7109764789736279,107,0.0005,0.005,0.5,64,64
HP149,1,0.6915887850467289,0.7518796992481203,0.7890235210263721,107,0.0005,0.005,0.5,64,64
HP149,2,0.7075471698113207,0.7350427350427351,0.778623188405797,106,0.0005,0.005,0.5,64,64
HP149,3,0.7264150943396226,0.7642276422764228,0.7710144927536232,106,0.0005,0.005,0.5,64,64
HP149,4,0.660377358490566,0.660377358490566,0.7695652173913043,106,0.0005,0.005,0.5,64,64
HP150,0,0.6542056074766355,0.6991869918699187,0.7099073414112617,107,0.0005,0.005,0.5,128,16
HP150,1,0.7102803738317757,0.7633587786259542,0.7840342124019958,107,0.0005,0.005,0.5,128,16
HP150,2,0.6886792452830188,0.717948717948718,0.7695652173913043,106,0.0005,0.005,0.5,128,16
HP150,3,0.7452830188679245,0.7804878048780488,0.7782608695652173,106,0.0005,0.005,0.5,128,16
HP150,4,0.660377358490566,0.660377358490566,0.7543478260869566,106,0.0005,0.005,0.5,128,16
HP151,0,0.6728971962616822,0.7107438016528925,0.7113328581610834,107,0.0005,0.005,0.5,128,32
HP151,1,0.7289719626168224,0.7786259541984732,0.8018531717747683,107,0.0005,0.005,0.5,128,32
HP151,2,0.6698113207547169,0.7058823529411765,0.7721014492753623,106,0.0005,0.005,0.5,128,32
HP151,3,0.7641509433962265,0.7933884297520661,0.7880434782608696,106,0.0005,0.005,0.5,128,32
HP151,4,0.660377358490566,0.6666666666666666,0.7561594202898552,106,0.0005,0.005,0.5,128,32
HP152,0,0.6728971962616822,0.7107438016528925,0.7152530292230934,107,0.0005,0.005,0.5,128,64
HP152,1,0.7102803738317757,0.7596899224806202,0.7925873129009265,107,0.0005,0.005,0.5,128,64
HP152,2,0.7169811320754716,0.7413793103448276,0.7692028985507247,106,0.0005,0.005,0.5,128,64
HP152,3,0.7264150943396226,0.7716535433070866,0.7818840579710146,106,0.0005,0.005,0.5,128,64
HP152,4,0.6886792452830188,0.7079646017699115,0.7536231884057971,106,0.0005,0.005,0.5,128,64
HP153,0,0.6728971962616822,0.72,0.7106200997861725,107,0.0005,0.005,0.7,32,16
HP153,1,0.6915887850467289,0.7480916030534351,0.7637205987170349,107,0.0005,0.005,0.7,32,16
HP153,2,0.7264150943396226,0.7521367521367521,0.7865942028985506,106,0.0005,0.005,0.7,32,16
HP153,3,0.7358490566037735,0.7741935483870968,0.761231884057971,106,0.0005,0.005,0.7,32,16
HP153,4,0.6698113207547169,0.6846846846846847,0.7239130434782608,106,0.0005,0.005,0.7,32,16
HP154,0,0.6542056074766355,0.704,0.7091945830363507,107,0.0005,0.005,0.7,32,32
HP154,1,0.719626168224299,0.7727272727272727,0.7872416250890947,107,0.0005,0.005,0.7,32,32
HP154,2,0.6886792452830188,0.717948717948718,0.7844202898550725,106,0.0005,0.005,0.7,32,32
HP154,3,0.7547169811320755,0.7936507936507936,0.7601449275362319,106,0.0005,0.005,0.7,32,32
HP154,4,0.6415094339622641,0.6666666666666666,0.7181159420289855,106,0.0005,0.005,0.7,32,32
HP155,0,0.6542056074766355,0.704,0.7205987170349252,107,0.0005,0.005,0.7,32,64
HP155,1,0.6728971962616822,0.7445255474452555,0.7990021382751247,107,0.0005,0.005,0.7,32,64
HP155,2,0.6792452830188679,0.7068965517241379,0.8010869565217391,106,0.0005,0.005,0.7,32,64
HP155,3,0.7452830188679245,0.784,0.7652173913043478,106,0.0005,0.005,0.7,32,64
HP155,4,0.6792452830188679,0.6964285714285714,0.7409420289855073,106,0.0005,0.005,0.7,32,64
HP156,0,0.6355140186915887,0.6829268292682927,0.6920883820384889,107,0.0005,0.005,0.7,64,16
HP156,1,0.7009345794392523,0.7538461538461538,0.7868852459016393,107,0.0005,0.005,0.7,64,16
HP156,2,0.7075471698113207,0.7304347826086957,0.7989130434782609,106,0.0005,0.005,0.7,64,16
HP156,3,0.7452830188679245,0.7874015748031497,0.7724637681159421,106,0.0005,0.005,0.7,64,16
HP156,4,0.660377358490566,0.6842105263157895,0.7246376811594204,106,0.0005,0.005,0.7,64,16
HP157,0,0.616822429906542,0.6434782608695652,0.7034925160370634,107,0.0005,0.005,0.7,64,32
HP157,1,0.6915887850467289,0.7518796992481203,0.7940128296507483,107,0.0005,0.005,0.7,64,32
HP157,2,0.7075471698113207,0.7394957983193278,0.7728260869565217,106,0.0005,0.005,0.7,64,32
HP157,3,0.7358490566037735,0.7777777777777778,0.7695652173913043,106,0.0005,0.005,0.7,64,32
HP157,4,0.6698113207547169,0.6956521739130435,0.728623188405797,106,0.0005,0.005,0.7,64,32
HP158,0,0.6542056074766355,0.6942148760330579,0.7209550962223806,107,0.0005,0.005,0.7,64,64
HP158,1,0.7009345794392523,0.7611940298507462,0.7854597291518175,107,0.0005,0.005,0.7,64,64
HP158,2,0.7264150943396226,0.7521367521367521,0.7731884057971014,106,0.0005,0.005,0.7,64,64
HP158,3,0.7358490566037735,0.7777777777777778,0.7768115942028986,106,0.0005,0.005,0.7,64,64
HP158,4,0.6415094339622641,0.6545454545454545,0.7163043478260869,106,0.0005,0.005,0.7,64,64
HP159,0,0.6355140186915887,0.6722689075630253,0.7042052744119743,107,0.0005,0.005,0.7,128,16
HP159,1,0.7102803738317757,0.7633587786259542,0.7936564504632929,107,0.0005,0.005,0.7,128,16
HP159,2,0.7264150943396226,0.7478260869565218,0.7692028985507247,106,0.0005,0.005,0.7,128,16
HP159,3,0.7452830188679245,0.784,0.7833333333333333,106,0.0005,0.005,0.7,128,16
HP159,4,0.6415094339622641,0.6607142857142857,0.7221014492753624,106,0.0005,0.005,0.7,128,16
HP160,0,0.6448598130841121,0.6833333333333333,0.7052744119743406,107,0.0005,0.005,0.7,128,32
HP160,1,0.7102803738317757,0.7633587786259542,0.7861724875267284,107,0.0005,0.005,0.7,128,32
HP160,2,0.7169811320754716,0.7413793103448276,0.7826086956521738,106,0.0005,0.005,0.7,128,32
HP160,3,0.7358490566037735,0.7777777777777778,0.7847826086956523,106,0.0005,0.005,0.7,128,32
HP160,4,0.6509433962264151,0.6666666666666666,0.7304347826086957,106,0.0005,0.005,0.7,128,32
HP161,0,0.6355140186915887,0.6776859504132231,0.7216678545972915,107,0.0005,0.005,0.7,128,64
HP161,1,0.7009345794392523,0.7575757575757576,0.7900926585887385,107,0.0005,0.005,0.7,128,64
HP161,2,0.7075471698113207,0.7394957983193278,0.7673913043478261,106,0.0005,0.005,0.7,128,64
HP161,3,0.7547169811320755,0.796875,0.7695652173913045,106,0.0005,0.005,0.7,128,64
HP161,4,0.660377358490566,0.6727272727272727,0.7500000000000001,106,0.0005,0.005,0.7,128,64
